Descriptor,Count
tremend,305
100_variet,226
wine,70651
hail,117
oakvill,134
age,10316
three_year,190
compel,406
hint,7992
greet,160
palat,19818
frame,1640
fine,7208
tannin,26238
subtl,1744
tone,3172
background,723
balanc,12463
reward,410
start,2175
finish,32583
year,5960
ahead,119
develop,2031
nuanc,1658
enjoy,1808
aroma,26048
soften,1368
slather,53
full,5859
layer,4727
intens,7154
cushion,178
flavor,63827
black,19176
ideal,222
drink,14620
2023,66
spent,199
20,625
month,895
30,403
new_french,657
incorpor,32
ponzi,37
vineyard,5052
among,427
aromat,2288
deft,211
blend,8241
sheen,36
load,1960
pure,2679
open,5947
bell,82
toro,131
winner,124
cool,929
moder,999
feel,7069
massiv,652
exemplari,52
slight,5535
includ,1491
note,17872
along,3476
satur,576
ensur,68
corner,81
one,5374
mouth,8140
cover,166
high,2225
impress,3422
express,2534
settl,491
nice,6797
long,6061
2024,74
lux,11
offer,10440
bruiser,71
still,4103
friend,691
key,91
wallflow,7
sea,131
blackcolor,30
former,99
bottl,4766
find,1339
strike,328
underscor,178
accent,3619
comingl,7
except,843
midpal,1017
cellar,2869
though,1517
alreadi,1308
quit,3148
2030,53
produc,2310
sourc,1086
two,991
block,348
elev,320
contribut,259
acid,29801
surround,334
textur,10316
present,825
delic,2575
consider,653
structur,10463
come_togeth,548
dropdead,11
gorgeous,862
rank,93
itali,170
greatest,96
sublim,28
orchard,88
scent,2828
delici,5668
seamless,399
combin,1610
grace,788
linger,2174
vine,809
wellbalanc,397
effort,1015
breakfast,55
superbl,71
integr,1841
even,2675
earli,542
stage,613
seem,4265
destin,45
life,293
2028,17
standout,127
terrif,285
lineup,193
2015,456
releas,977
burst,1186
continu,721
detail,587
discreet,19
thread,181
peak,193
condit,98
secondari,179
domin,3020
well,8412
skin,673
major,199
right,2428
point,1119
matur,2616
sophist,1029
mix,3289
seduct,568
pleas,869
got,421
touch,7713
streak,1591
element,2120
good,13172
proport,386
appeal,1937
give,8250
anoth,1128
decad,1147
first,1967
made,4151
2006,557
luscious,1033
chardonnay,4947
core,2873
endless,78
biodynam,164
farm,179
bring,2331
spend,66
18_month,139
prior,121
blockbust,153
powerhous,148
suggest,3019
glass,1551
season,169
amidst,85
char,1154
sultri,98
outstand,246
excel,1718
forward,2250
barrelspic,7
adorn,41
run,982
tast,6672
vagu,60
topnotch,71
tempranillo,432
come,4428
sevenacr,6
name,1020
properti,256
magnific,106
28,62
great,5437
sign,294
pedigre,201
also,5952
new,1697
make,5477
longterm_age,149
drink_2022,102
live,3118
beauti,3950
craft,444
blossom,774
readi,691
tabl,356
stellar,126
rosé,885
rare,301
grape,3270
sinc,243
rubi,149
highlight,870
allur,242
everi,377
base,881
overal,1943
cohes,10
special,389
rioja,481
2020,247
2035,13
appropri,176
size,344
magnitud,6
tinta,24
de,532
apoge,7
ambiti,61
wineri,2378
clone,221
show,17644
focus,1643
marcona,10
nose,10842
cut,1349
san,165
adam,24
head,189
feet,56
mountain,891
wild,1390
lead,2525
follow,2902
wave,782
menthollik,27
sensat,451
yield,561
potenti,773
least,1444
2025,122
outlin,18
befor,1185
end,2453
flurri,19
bergström,7
shea,24
design,342
2003,369
intent,44
showcas,333
pretti,4011
style,5406
love,2418
red,13787
generous,2310
captur_essenc,51
50,247
strong,2861
vein,265
broaden,131
penetr,616
decant,863
want,1037
crush,1212
franscioni,8
famili,680
abound,150
energi,96
drive,347
district,52
shake,26
blackol,14
lili,23
nt,2629
hold,1759
back,3062
sens,867
complet,907
demand,234
attent,213
see,497
onli,2060
remain,1027
veer,222
brash,42
loud,123
steep,108
spirit,277
unfold,371
big,4710
chewi,2137
palat_dole,186
ground,562
alongsid,1562
detect,102
alcohol,2635
charact,6533
aftertast,1621
loir,62
river,199
entic,426
till_soil,72
whiff,1056
2018–2023,15
gingeri,16
medium,970
classic,2365
tuscan,162
drink_2020,278
charm,651
boast,1248
easydrink,587
much,3265
deliv,3408
provid_framework,93
darkskin,69
provid,1448
framework,106
2019,89
color,2335
profil,753
corna,49
reminisc,303
chocol_fudg,206
drink_now–2025,57
90,112
sangioves,1587
10,802
canaiolo,86
pack,2037
support,1146
sunbak,55
meld,318
malbec,1670
cabernet_franc,1181
petit_verdot,991
perenni,35
sister,44
brand,415
cuvaison,15
sustain,96
time,2746
match,774
access,523
need,2744
best,4085
2021,149
initi,759
simultan,40
almost,4143
next,1481
drinkabl,1037
better,1568
2017,274
lift,1385
still_young,477
go,2494
mean,515
parcel,176
work,889
seven,122
men,9
day,280
drink_2017,481
lot,3327
like,7252
price,2957
sever,453
region,776
expand,140
meet,205
approach,1320
crowdpleas,93
measur,313
cabernet,4073
grand,177
ciel,19
31,42
ciel_du,71
cheval,91
klipsun,100
11,153
front,791
young,3511
grown,475
moment,325
drink_2018,422
riesl,1830
render,236
especi,730
foot,55
brighten,635
40,315
merlot,5217
cabernet_sauvignon,3286
25,291
syrah,4656
roast,2154
drink_2019,186
welloak,120
lend,774
freshcut,89
form,782
welcom,392
albeit,91
tartar,81
agreeabl,18
mort,7
northern,129
extens,39
fourchaum,16
premier_cru,102
call,748
becaus,987
local,116
justic,27
often,363
cooler,202
doe,1956
drunk,321
2018,228
veri,12555
allow,498
leav,1622
chabli,260
appar,235
heart,355
monument,28
atlas_peak,79
solid,4457
construct,139
cab,2462
hand,406
sliver,9
intermingl,40
around,819
whole,590
benefit,548
build,289
upon,223
substanti,551
knit_togeth,167
coupl_year,310
spark,42
celebr,231
vintag,4204
appel,691
case,754
varieti,1357
backbon,471
small_amount,108
draw,198
site,374
estat,1461
ranch,94
coolclim,489
windswept,6
minim,52
sun,80
marin,104
applepear,14
huge,955
convey,141
identifi,81
alicant_bouschet,49
wait,476
differ,621
estat_vineyard,332
wide_avail,74
cuvé,327
would,1166
duck,107
sauc,697
although,2721
shock,100
given,787
four,299
egg,55
exot,2314
plenti,3343
mouthcoat,115
bodi,1350
overdeliv,33
qualiti,2911
effect,212
dappl,37
swirl,240
carri,1501
2018–2028,35
anchor,117
barrelag,46
optim,33
iri,83
brood,330
2019–2029,14
kitchen,33
togeth,905
brace,628
closegrain,65
need_time,966
unwind,126
multipl,114
valu,1203
cinnamon_clove,196
forest,365
surpris,1010
pinot_noir,3610
velvetysmooth,13
despit,1746
invit,639
meritag,20
driven,220
73,11
19,60
hit,922
pencil,45
shade,718
dress,63
complement,346
spill,13
fun,299
chang,264
pace,30
averag,227
familyown,21
immedi,1020
attract,3037
entrylevel,214
touriga,27
franca,22
tinta_roriz,45
rougher,10
quick,901
readi_drink,1970
easygo,649
neither,121
decent,784
pair,2533
unfussi,11
quantiti,90
interwoven,30
bit,6790
shi,331
eventu,89
reveal,915
raw,1090
powder,205
someth,659
wellpric,154
easi,3555
crowd,110
emphas,295
hillsid,42
entir,542
barrel_ferment,272
grow,315
organ,189
undercurr,94
keep,2141
order,88
mountaingrown,21
vie,84
backdrop,186
mute,239
peel,217
danc,266
pleasant,2048
fleet,95
brandi,87
crème_de,161
monastrel,79
smack,123
broad,968
spade,31
let,537
bur,129
fulli,915
fist,26
term,672
flow,166
highway,24
select,929
within,377
charl,42
ferment,523
nativ,108
filter,25
mouthfeel,5500
mild,1622
take,1433
unravel,17
patient,25
wealth,269
highton,310
wound,35
consid,201
tasti,954
appet,315
wonder,1388
vivid,443
versatil,199
buy,250
save,160
soon,308
taper,9
littl,5446
way,2163
pinot,3148
renwood,14
tini,298
product,548
expens,445
zinfandel,1289
practic,80
liquid,139
dessert,594
side,2323
level,713
push,597
healthi,478
fragrant,1221
spanish_broom,39
granni_smith,96
anjou,41
fair,1630
flesh,411
onc_sip,74
toward,542
person,914
pasta,553
bird,31
delight,345
lipsmack,156
play,1045
never,448
becom,538
distract,118
instead,408
food_friend,122
deal,393
five,355
bordeaux_varieti,126
repres,311
feed,39
café,23
tri,1214
profit,26
twist,142
lie,145
yet,3825
dryfarm,26
maintain,335
wholeclust,48
press,312
neutral,472
flair,92
resist,84
shop,59
mode,32
pictur,148
speckl,19
petit_sirah,808
serious,1086
typic,873
wellmad,375
albariño,175
last,1213
pie_crust,83
reflect,504
lith,117
brut,335
cava,238
confid,110
challeng,262
sauci,210
ride,341
beam,47
staunch,83
middl,440
three,566
valley,1003
exampl,807
southern,293
oregon,341
sit,358
eastfac,6
slope,159
plant,329
lack,1852
likeabl,340
hefti,212
usual,460
pioneer,98
gari,40
eberl,12
tension,197
true,769
singlevineyard,699
short,1194
alicant,59
15,560
drink_2016,366
futur,403
promis,869
smell,1963
expect,844
poach,65
emerg,755
longtim,62
santa,94
rosa,42
road,196
today,132
terlato,10
deepli,423
aris,33
boutari,12
californian,51
pommard,74
tradit,733
garnet_color,82
resembl,123
larg,378
cask,52
impact,119
notic,446
drink_now–2017,73
low,608
octan,16
vital,335
serv,546
blend_70,70
evid,486
resolv,189
enough,2761
heighten,65
stay,285
thing,858
rug,393
requir,214
patienc,58
sauvignonl,9
precis,449
stew,680
compon,676
swath,205
take_center,73
riboli,13
near,695
bourbonbarrel,6
gain,375
super,242
damp,112
begin,789
goe,581
57,39
recent,199
paso,136
highland,81
top,1383
chocolatecov,134
mash,88
steer,41
godello,51
insid,111
coffe_grind,48
clumsi,181
improv,912
alli,128
plus,487
longterm,91
view,54
act,122
bordeaux,527
ampl,835
smother,59
tough,1254
2012,699
obvious,647
catch,53
wrap_around,182
salmon,257
would_make,277
particular,683
apéritif,462
vivaci,72
offdri_riesl,203
wrap,1412
squeakyclean,10
permeat,46
state,194
pert,20
tawni,149
ice,40
evok,57
fallen,17
uniqu,480
gentl,1205
château,337
saintjulien,22
rather,1978
unlik,153
abund,230
throughout,764
thai,122
dish,598
eras,27
afford,288
four_year,414
old,782
advanc,46
waft,168
sip,695
lose,363
age_potenti,426
display,865
zin,1692
rockpil,12
vine_plant,57
2001,152
fore,106
slowli,450
breed,52
class,411
grill,945
2018–2026,19
shot,223
tens,263
strand,6
impecc,245
2015–2022,6
grand_cru,160
manag,513
preserv,680
certain,1461
late,440
five_year,564
majest,19
breadth,53
transit,99
flush,131
youth,1319
spring,268
mani_year,478
primari,489
proprietari,37
1999,58
covet,18
stagecoach,29
liqueur,624
character,567
aliv,136
till,52
mani,1330
sautern,26
sevill,12
chris,29
winemak,1602
old_vine,379
use,703
100,877
heather,14
weav,154
toe,31
addict,25
lace,521
popular,251
los,74
alamo,30
soda,189
hedonist,109
2016,273
somewhat,1397
assort,47
exquisit,116
degre,86
gate,26
addit,786
breath,327
section,64
abil,118
comfort,283
princip,47
wreath,19
80,144
perfect,2092
steakhous,24
energet,53
2017–2025,9
deserv,84
impli,23
fragranc,280
overlay,240
natur,1498
wellintegr,230
drink_2015,334
maximum,86
pleasur,813
resplend,16
wellcraft,110
would_pair,824
grill_salmon,56
herbroast,6
chicken,342
cloak,81
chard,1435
wash,295
come_around,189
compet,133
affect,28
ager,417
fuel,56
privat,27
stash,60
presum,36
realm,24
subdu,371
studi,51
bristl,74
baconwrap,14
signatur,160
wide,292
distribut,40
thank,929
summer,556
whenev,6
recal,467
summer_day,53
rust,22
tomato,828
rise,260
hold_onto,52
forc,357
2018–2025,22
ventur,93
nonvintag,128
categori,194
past,423
pinch,222
realli,1860
get,2249
crack,107
villag,153
serralunga,30
dalba,50
extrem,865
lemonsc,14
happen,91
sta,8
rita_hill,7
richard,15
sanford,18
alma,10
label,733
sharper,50
dark_brood,146
equal,447
put,573
drop,249
pinot_meunier,48
ultrafin,15
rais,81
sonoma_coast,140
steal,49
transluc,54
gleam,6
hue,152
drink_now–2020,177
pinot_bianco,99
alto,53
adig,31
locat,178
alvarinho,52
monção,6
line,767
small,576
quinta,145
nova,27
burgundian,155
final,1302
followup,63
2011,571
esteem,39
part,995
difficult,345
total,642
reason,429
soav,114
smidg,7
puriti,577
variet,916
du,91
cèdre,10
anyth,326
simpl,4225
seri,190
indic,327
presenc,203
100_cabernet,385
mount_veeder,33
capabl,123
numb,44
sting,56
2022,47
beyond,582
15acr,7
singl_vineyard,161
specif,87
entri,274
perhap,531
influenc,278
claylik,6
tree,101
gigant,88
tsunami,12
sound,312
thorough,317
fine_ground,146
negoti,73
might,796
elabor,325
blush,150
intric,272
sauvignon,636
pinot_grigio,432
mouthwat,770
satisfi,1068
array,342
defin,870
carnero,271
ageworthi,423
now–2019,17
wellstructur,158
2027,27
bill,44
home,251
central_coast,142
oldest,131
prove,290
dynam,94
13,210
acr,106
dash,275
underpin,162
superb,295
consist,831
kite,8
done,359
symphoni,14
subt,67
fill,1110
darker,288
spectrum,149
reserv,848
without,1258
spotlight,17
poke,39
proportion,82
treatment,80
ad,1047
famous,238
westsid,30
outsid,76
persona,17
ether,167
tantal,88
wet,411
envelop,167
energ,49
counterpoint,109
date,287
1970s,13
prime,155
relat,769
unfurl,34
wisp,26
honeylik,8
add,2922
compress,15
hardedg,65
aerat,47
consum,376
showpiec,9
madiran,17
tannat,97
sever_year,550
lurk,105
coat,607
glide,179
second,497
sarsaparilla,13
preced,106
provenc,114
organ_grown,45
redwin,6
east,51
aixenprov,7
veng,15
tom,16
rinaldi,7
somehow,165
captur,315
quiet,108
blacken,59
help,884
calm,118
unexpect,60
third,199
terrac,33
abov,360
rang,670
featur,1428
cahor,66
homag,32
owner,105
marri,281
2014,449
built,336
nearterm,115
mediumterm_age,106
sunkiss,24
explod,261
kabinett,143
invigor,84
reson,134
beli,55
exist,28
separ,77
offset,404
distant,187
napa_valley,301
sonoma,196
awash,27
lilt,44
fullerbodi,34
ridicul,13
squeez,137
berrycherri,171
sheet,9
gulp,29
lead_way,205
chop,172
knit,102
sizabl,101
contain,242
138,15
atop,98
nervous,81
grenadin,11
laid,52
across,246
kick,599
kiss,172
ignor,18
engag,58
waft_glass,79
2017–2021,7
undertheradar,7
limit,442
may,1252
côte,57
des,48
blanc,158
garrafeira,8
reach,240
sear,137
faint,238
place,433
yogurt,39
conjur,47
dream,34
set,1023
accompani,497
2019–2026,7
crianza,76
veer_toward,219
pluck,9
whose,522
enliven,140
undeni,75
turn,1939
autumn,47
fur,25
feather,32
14,226
elk,14
cove,14
willamett_valley,78
everyday,1138
herbting,35
immacul,82
craftsmanship,17
direct,846
budget,48
glimps,68
clear,544
foliag,16
slender,139
limpid,37
convinc,77
onto,204
seam,42
link,31
joy,98
eight,70
gris,19
archeri,6
summit,20
dunde,36
hill,574
introduc,182
taut,826
hone,31
persist,1145
lay,103
larger,56
gather,99
room,130
gun,41
clariti,194
harmoni,876
mull,27
jumbl,95
wiri,99
midsect,7
la,415
mancha,8
rest,460
two_year,311
french_american,42
retain,504
amid,99
groov,29
smoother,70
spin,72
california,983
chime,33
baguett,25
ice_cream,53
flash,120
quaffabl,134
street,41
let_breath,50
latter,26
common,261
characterist,765
leap,58
due,451
2019–2025,11
blackskin,104
porcini,29
burnt_rubber,48
confitur,8
tonguedri,10
clench,16
sooner_rather,82
later,284
confectionari,59
midterm,71
meld_togeth,80
commune,10
blend_60,93
grenach,783
mourvèdr,364
anoth_year,340
prefer,117
beef_lamb,47
costco,10
reliabl,102
bargain,202
châteauneufdupap,45
firmer,113
year_two,266
minuscul,7
amount,349
result,1140
hyde,13
flourish,127
fare,489
cradl,10
easytolik,45
floor,48
statement,72
gravenstein,10
relax,56
manner,147
self,6
sensibl,52
exhibit,413
chew,86
2016–2021,16
unleash,37
promin,358
tinto,7
fino,24
sport,177
mediumlevel,6
doe_nt,1815
newwood,48
apolog,12
mixtur,65
pump,61
heavili,308
harsh,523
scorch,59
american,220
ken,38
reluct,20
shoe,9
center,318
drawn,76
temper,155
barreldriven,22
rumbl,8
basic,1226
robl,13
carignan,227
fierc,162
warmclim,72
drink_soon,353
sniff,61
ramospinto,11
box,97
shallow,13
stabl,46
bound,30
tad,168
climat,130
cough,52
interest,2026
dose,278
ani,834
protein,8
overt,322
sprinkl,304
punch,329
extravag,66
via,82
kaffir,7
dura,16
braucol,22
mediterranean,98
lip,25
wafer,37
right_front,96
suspend,15
themselv,104
come_across,387
canyon,96
area,333
blend_80,63
compos,254
standard,744
priorato,23
onc,458
milk,61
cabernetl,9
similar,516
typifi,30
mark,1893
remark,264
oldvin,141
entertain,38
momtazi,11
lighten,58
look,653
stream,65
proper,646
cleans,309
steadi,228
briari,470
type,182
ribera_del,54
duero,55
fan,397
textbook,369
noth,715
overwhelm,344
sum,69
journey,26
flagship,138
formid,23
2020–2022,7
knoll,74
teas,74
16,223
wall,113
treasur,37
trove,11
estategrown,220
santa_barbara,126
eastsid,10
creat,731
delv,23
laden,105
sourdough,76
crème_brûlée,327
interplay,62
subtleti,289
blow,257
away,513
first_sniff,79
sharpedg,55
reli,88
bombast,11
tell,214
stori,58
splendid,58
hugel,10
deeper,163
pine_nut,29
gracious,12
goto,50
lobster,125
mingl,430
drift,22
morello,47
barbaresco,299
enhanc,493
generos,149
land,86
serra,21
air,786
woven,166
feinherb,7
foundat,151
embrac,31
less,1147
dimens,250
situat,43
beaun,42
savignylèsbeaun,7
door,39
revel,51
lovabl,21
known,312
portrait,12
possibl,371
pebbl,10
faintest,26
signal,92
bakedappl,35
counter,83
cri,46
notion,92
residu,139
carbon,51
dioxid,7
height,40
salad,312
extra,1035
2013,453
counterpart,22
soléna,11
instant,146
fullflavor,87
extend,320
percentag,98
upfront,549
cold,269
prais,33
vineyard_design,100
irresist,126
wellproport,19
contrast,346
coast,85
doug,9
margerum,9
succeed,118
now–2030,21
finest,154
eight_year,188
phase,62
lost,142
santa_ynez,64
valleybas,6
shiitak,15
sichuan,6
life_ahead,55
clover,82
fruitpack,7
mouthfil,446
12_month,89
squar,68
cloudi,48
suprem,113
flamboy,374
jess,17
katz,6
bryan,8
babcock,13
handl,206
histor,170
incred,290
advantag,39
citrussc,9
bing,97
steak_chop,77
rack,43
occas,100
bolster,146
odd,257
overlook,51
pacif,77
island,100
success,650
macadamia,22
daffodil,10
hugh,17
appear,1017
pliabl,17
inher,129
collabor,50
forrest,7
south,190
africa,15
distinct,1112
across_palat,362
effus,73
hendri,24
napa,696
lusti,335
terrif_valu,55
angl,34
various,212
fanci,227
real,884
curious,136
yellowcherri,15
sunni,184
rippl,22
tongu,363
canteloup,19
surfac,253
whistl,90
easi_find,231
grandeur,12
amaz,311
132,22
volum,208
memori,69
sauv,29
increas,118
bone,100
vigor,134
beefsteak,7
pristin,351
laci,36
smart,42
candl,49
reverber,50
chock,35
vibe,23
ausles,125
musk,44
lowyield,49
generat,99
alway,917
main,552
distanc,31
brush,85
tighten,57
sexi,126
shred,12
nebbiolo,218
whisper,58
barolo,771
simmer,20
upper,53
douro,224
superior,303
abl,82
left,174
bank,60
serein,6
intensifi,47
spätlese,108
frond,18
shower,76
signific,166
risk,12
overtak,23
impart,373
jolt,71
blanket,66
bottom,39
join,201
2017–2022,13
purist,49
excess,358
next_year,640
potent,381
right_amount,129
found,415
pick,692
fuller,117
mineralrich,6
revisit,13
theme,87
oodl,49
arroyo,33
hous,341
plung,7
barbara,6
counti,162
grapegrow,12
loui,54
luca,21
introduct,87
night,112
sipper,271
bridg,25
sauvignon_blanc,1693
fullblown,25
nick,30
goldschmidt,35
daughter,23
augment,59
behind,508
dozen,52
imprint,34
foodfriend,420
bounc,64
step,286
powerpack,29
field,175
breadi,42
semirich,14
stand,731
arugula,21
greenherb,38
sangiacomo,11
went,115
vast,115
speak,246
renown,21
evolv,744
steadili,28
essenc,348
dive,29
expert,73
reason_price,88
cast,52
apt,23
unabash,45
composur,11
olsen,15
dutton,23
chenoweth,6
older,217
underst,170
porcini_mushroom,48
2018–2024,19
beef,569
59,14
viognier,640
rigid,39
wire,15
boost,197
barbera,544
vineyarddesign,200
smallest,17
trace,243
sitespecif,7
sing,157
eager,16
food,1822
half,444
mound,20
dot,50
torronté,88
fruitflavor,39
medley,56
easili,843
touriga_nacion,148
trincadeira,30
asid,75
admit,24
rim,75
silkytextur,29
quaff,85
pave,10
word,248
drili,126
modern,1041
trip,15
anise,22
2016–2020,11
blend_50,98
35,93
wintergreen,134
intrigu,501
2016–2017,10
rice,42
1990,10
vintner,179
morgan,58
judici,75
malvasia_nera,57
judg,160
regard,35
import,4356
jalapeño,87
greenlean,36
absorb,50
abrupt,70
hip,26
past_prime,61
sémillon,159
young_vine,114
hautbrion,40
necessari,47
verg,124
redeem,22
trail,135
60,178
straight,221
fairway,13
involv,18
portfolio,98
backyard,28
volumin,44
fall,575
gewürztramin,216
companion,242
burnish,11
dead,59
arm,26
shiraz,827
2010,840
reassur,7
2018–2030,20
22,88
appeal_fan,58
decis,38
marriag,43
grill_beef,78
held,167
orangepeel,25
gaug,6
secur,36
accentu,187
spray,102
highest,87
busi,20
philipp,23
girard,7
brother,107
tend,97
corton,11
mask,162
wrought,13
otherwis,544
tip,56
85,119
colorino,53
horsehid,19
share,140
space,24
bolder,39
refer,143
partial,124
condens,85
foley,21
greater,338
2020–2035,11
bedrock,7
proprietor,31
son,185
concoct,14
pit,36
talley,45
fade,715
culmin,29
could,2236
kiona,41
83,15
gl,70
spot,248
creosot,15
arc,6
stillwat,37
creek,357
occupi,16
portion,94
stack,68
vertic,75
now–2022,10
17,113
chilean,306
exact,203
23,75
75,151
roast_chicken,143
petaluma,34
gap,64
chase,6
bought,20
drill,18
stan,8
stun,243
long_haul,101
bob,35
masteri,10
redol,371
damson,163
packag,492
400,22
highaltitud,23
roubin,7
unusu,586
tibouren,6
clairett,14
stylish,538
highend,123
whopper,6
37,49
32,61
24,63
domain,197
certifi,44
flawless,12
amontillado,18
purchas,59
zero,31
frontload,61
showi,48
inaugur,70
plain,75
crumbl,6
modernstyl,59
regist,108
max,66
project,125
outlook,42
southwestern,14
belov,10
imbu,26
fir,11
needl,13
fascin,196
chai,14
brim,381
tactil,15
leyda,37
crystal,50
progress,43
midway,23
anim,202
adequ,226
halfbottl,6
cabbas,26
bare,303
66,9
26,27
soar,37
sheer,578
stunt,11
monolith,39
eolaam,13
ava,152
overshadow,62
darkcolor,30
secondlabel,8
norm,19
yost,6
spread,149
melt,510
equal_part,119
muscl,218
orient,53
float,181
eye,93
replac,53
thicket,6
elus,56
method,25
paint,44
dramat,441
regular,583
anderson_valley,90
garnet,43
dissolv,17
wo,368
six_month,92
estatefarm,6
rule,59
suck,30
bad,402
mid2020,7
perceiv,12
peppermint,78
warmvintag,22
press_flower,80
translat,122
bed,88
cling,30
virtu,85
outsiz,20
stark,57
relief,31
prickl,81
slice,175
tin,16
outgo,6
clip,77
brought,66
southern_rhône,39
inform,388
vi,7
sort,565
chosen,21
cellarworthi,62
aspect,178
doubt,141
worth,364
bode,24
chariti,14
critic,70
grenachelik,33
ca_nt,310
deni,114
charbroil,34
lamb_chop,113
underlin,71
glaze,31
lagar,22
conclus,16
appleskin,38
carmenèr,340
marvel,77
spanish,93
bodega,25
portugues,52
gradual,141
afterward,33
sumptuous,149
acidinspir,7
overpow,250
deck,16
boat,23
simpli,341
delin,47
pie_fill,440
buf,16
42,30
65,63
tend_toward,63
exud,122
2015–2020,19
cafay,16
bath,37
upright,57
spain,117
bierzo,28
problem,214
thus,185
scrape,17
meat_chees,89
humus,43
pois,433
conclud,30
underton,195
velvettextur,28
breez,40
vacheron,16
modicum,42
replet,11
kept,152
entredeuxm,23
unidentifi,9
chicori,7
describ,272
chenin_blanc,101
spri,52
swift,19
seldom,12
seen,122
listrac,18
mediumterm,34
predomin,96
anna,7
mari,13
minnick,13
stonetre,16
inexpens,239
napa_cab,177
stamp,15
commend,67
prosciutto,59
version,427
imagin,151
rib,151
reign,22
nail,110
exit,8
honeykiss,15
michael,41
peopl,155
dig,45
passion,649
decept,83
gamay,24
wake,53
nonetheless,283
frank,199
honest,237
without_ani,77
baroqu,6
bag,15
forthright,6
even_though,166
definit,1152
compat,9
nooak,15
dare,6
seafood,225
drip,44
amplifi,66
hover,42
everyth,633
verv,144
ton,298
parti,182
absolut,294
sometim,212
premier,102
gala,17
coolerclim,19
stinki,18
alexand_valley,169
minor,80
freshsqueez,21
shellfish,257
dazzl,209
crowd_pleaser,50
71,18
experi,243
92,12
fulfil,36
star,443
chassagnemontrachet,15
kumeu,22
baconi,33
premium,41
eugéni,7
basi,22
alpin,43
shave,75
parker,33
reduc,214
biggest,104
riot,35
vinifi,53
excit,303
chockful,10
overton,366
pervas,11
unobtrus,15
sure,501
spi,33
fumé,31
struck,27
new_zealand,190
74,7
say,488
josh,15
burgundi,255
job,277
lick,177
board,29
father,30
ran,6
kevin,24
law,13
gran_reserva,55
bumpi,21
vari,63
waver,7
lewi,50
outrag,16
hang,166
streamlin,359
illumin,7
grüner_veltlin,89
savor,118
pisoni,24
boister,43
loos,60
apart,171
tender,47
bulb,12
dissip,29
seed,128
glimmer,34
crus,97
puligni,21
halfway,7
meursault,100
compromis,95
45yearold,9
two_three,127
pouch,10
jump_glass,48
palecolor,8
splash,295
fireplac,7
delicaci,247
insubstanti,28
admir,226
malolact,56
belong,28
chill,238
temperatur,45
roussann,112
21,73
grenach_blanc,60
picpoul,6
wipe,11
sideshow,9
compar,272
current,355
gardenia,46
howel_mountain,94
tinyproduct,8
achiev,324
rancho,16
fashion,183
truli,200
partner,330
harmon,17
prepar,75
exterior,36
2016–2026,12
feisti,12
tame,213
lean_toward,180
cool_vintag,181
memor,54
ownership,75
19th,21
centuri,60
cabernetbas,66
6–8_year,145
bordeaux_blend,562
paso_robl,207
solo,20
per,58
angel,38
fullforc,53
status,75
attentiongrab,9
debut,77
roeder,23
mendocino_counti,20
bosc,30
dough,82
beckstoff,24
eastern,132
inde,139
seren,11
talk,78
smaller_amount,38
process,63
rasberri,6
flatter,144
vy,42
prevail,47
straw_color,35
gumdrop,21
flaw,90
caus,61
harvest,161
mar,123
freez,29
limepith,8
generic,557
without_much,142
greasi,26
convent,18
town,35
borba,7
consumpt,141
shape,399
pushi,46
ultim,303
overweight,21
perki,105
tomatolik,20
spunki,104
girond,15
estuari,15
1980s,13
essenti,161
chateau,106
number,118
chateaus,14
dollop,85
pucker,67
gaseous,99
general,278
cantmiss,17
berrylik,13
foil,38
port,421
lbv,31
gush,6
nine,66
respect,150
lemonad,56
fight,44
scallion,39
caper,37
scour,414
bash,14
terroir,383
breathtak,10
coastal,408
previous,139
mouli,6
barton,14
léovill,16
purpos,48
nearbi,16
mineralinfus,32
pass,167
lugana,7
cherryladen,9
chaparr,26
morn,13
dew,6
awhil,9
announc,135
annot,61
cilantro,21
fish,251
pasti,49
twing,30
thinner,45
poni,13
pouilli,32
citrusflavor,24
warmer,186
russian_river,289
stubborn,75
said,208
chehalem,37
sharpton,9
pinot_gris,401
gallo,45
outpost,11
baselevel,8
mencía,28
jumpi,202
petit,54
morel,10
tricki,21
liven,79
limead,8
stock,48
midweek,26
bowl,74
spoton,27
man,52
million,33
calistoga,53
slightest,87
weightless,29
sylvan,20
ring,86
silvan,15
greenplum,9
peek,81
grate,157
uncompromis,11
stiff,171
hour,191
cheeri,13
remaind,14
struggl,151
uncommon,31
25yearold,10
brickish,6
fleck,29
buzz,19
steve,45
clifton,27
inspir,66
music,12
familiar,191
rutherford,165
bench,42
fowl,17
kind,771
newoak,13
36,44
contact,52
borderlin,76
guarante,87
2016–2022,20
david,89
singl,102
organ_farm,45
neighbor,46
murray,9
southeastern,15
saddl,32
barrelinfluenc,10
surg,15
pallis,9
dog,62
echo,114
mexican,58
2020–2028,6
reinforc,75
667,9
2004,367
exclus,49
palatepleas,30
balm,13
far,606
reservelevel,49
compris,222
worthi,108
ross,26
wilson,6
intend,46
west,89
old_world,84
suspens,8
techniqu,47
french,221
meadow,11
fit,253
redhot,7
teaflavor,11
morph,29
tail,99
ribolla_gialla,59
tocai,10
52,28
48,36
tangl,14
abandon,6
swallow,56
satsuma,14
legend,16
rosehip,13
wondrous,6
pull,239
ambit,12
discord,12
know,290
mold,65
bat,31
stiffen,23
vinho_verd,180
oti,18
harlan,24
year_ago,86
invest,33
matter,78
wise,28
70,152
grab,138
strength,234
combo,29
variet_charact,358
veil,67
fire,67
washington,551
1978,6
zaca,18
mesa,20
becam,10
eric,22
cobbler,44
citrusdriven,28
pinot_blanc,103
gewurztramin,33
smallproduct,71
keeper,19
coriand,20
cumin,61
sail,41
nobl,77
rot,11
sandi,36
2009,629
mighti,18
squash,12
limejuic,16
multivintag,7
grenach_mourvèdr,79
central,115
livewir,24
throw,98
variet_correct,98
58,21
41,24
marsann,55
18,99
trick,86
verdejo,136
dirt,22
12,216
kitchensink,9
volatil,262
ayala,10
champagn,521
made_organ,108
atlant,6
stylist,47
flag,8
favor,193
santa_maria,60
lucki,11
obtain,14
decant_hour,72
notabl,307
talc,31
technic,120
venison,15
score,368
drink_now–2018,110
trust,9
ageabl,484
calera,39
appreci,205
evidenc,48
grant,52
cinnamonspic,19
fullon,43
extra_dimens,70
team,102
quench,39
pop_cork,49
evoc,86
hilltop,15
freeston,13
proceed,23
46,28
counois,65
smash,11
control,414
bruis,47
scotch,10
mile,34
histori,57
carri_onto,42
italian,406
portug,61
nation,22
song,11
mind,140
palatecleans,24
wish,84
dedic,28
author,62
screwcap,806
longstand,8
york,33
hanzel,23
took,55
regim,15
cooper,100
came,96
leviti,15
midweight,25
coil,58
macer,29
narrow,344
quickhit,6
spine,198
graciano,32
50yearold,31
substanc,156
vanilla_custard,112
freshest,97
drystyl,15
2007,799
jump,75
flirt,42
closest,7
disappoint,350
chiffon,30
mere,96
think,324
breezi,43
uplift,55
sky,16
styliz,14
cap,109
align,6
etch,97
suav,67
cofer,40
noir,23
wellknown,42
brunello,828
immedi_appeal,123
bounti,24
hide,187
fact,436
model,72
sancerr,109
marasca,16
hunt,15
berryfruit,8
andor,65
vanillalac,10
alo,8
vera,6
roman,35
landscap,14
mont,89
saintevictoir,15
sneak,48
roll,349
lamb,368
hoisin,18
undergrowth,14
53,10
47,44
tank,47
ultra,47
rip,43
punctuat,52
hew,11
closer,38
ooz,127
forev,48
surpass,15
stop,137
decor,16
figur,63
role,93
web,8
violetr,8
percept,43
offput,86
imposs,74
leftov,96
coax,86
baker,46
brutstyl,27
sekt,6
drench,27
fieri,162
latent,11
mosel,102
nofril,32
sineann,32
bloom,30
amp,25
shame,56
glove,38
shear,26
alentejo,61
lightcolor,12
downhil,22
fruitless,9
haystack,12
plow,17
stewi,197
question,184
diamond,56
indigen,39
fred,9
brander,29
activ,25
sooth,33
sauté,108
disturb,29
spoil,59
volcan,50
peer,28
industri,25
player,37
toni,13
coupl,154
ridg,127
95,43
nicola,8
olivi,9
consult,94
fort,27
michel,68
rolland,40
market,223
saintémilion,11
stag_leap,61
wellcompos,12
27,35
north,181
aragonez,35
sauerkraut,14
powder_sugar,54
chili,60
flake,31
weed,18
confirm,95
oakag,90
rdd,39
scope,43
cruz,21
heartier,20
coolvintag,18
treac,6
overdon,205
christma,25
fulsom,11
driedfruit,23
buxom,12
drizzl,82
quinin,27
underneath,349
lowli,10
twoacr,8
devot,15
oldschool,48
sculpt,94
124,6
sweep,18
mccrum,6
edward,42
throw_sediment,45
ebulli,27
difficulti,38
assault,27
santar,15
dão,69
grownup,8
posit,197
testimoni,9
skill,53
viticultur,30
creamier,59
cideri,47
strippedback,8
wellfocus,6
garnacha,270
clamp,50
pronounc,275
copperi,19
read,125
fell,6
william,50
merg,65
sunshin,68
ponder,76
bonarda,97
hallmark,225
bacigalupi,7
win,153
pari,10
cab_sauvignon,183
rockhard,28
tightlywound,10
broadshould,28
silk,79
fragil,13
breath_time,198
momentum,67
quick_fade,65
ryan,11
carr,11
underlay,42
spars,6
speck,7
pervad,60
conif,8
spell,13
outmuscl,6
palm,11
stocki,50
unrefin,14
schloss,12
ephemer,28
host,10
emblemat,11
trend,41
alcohol_level,95
emphasi,180
brimston,32
2026,30
began,18
malt,43
creamsicl,13
care,316
unfin,21
unfilt,49
evolut,127
shoulder,23
smokedmeat,10
beguil,91
send,91
utter,100
moreish,45
flavors—a,8
rendit,134
move,310
calibr,10
actor,7
sourcherri,30
mention,71
mesh,95
côtes_du,36
rhône,158
justrip,35
40yearold,27
detract,151
stillyoung,27
castl,38
reviv,21
supplement,17
bless,17
lava,10
sale,21
research,11
decid,128
rout,15
whiteflow,10
toplevel,10
nerv,17
pouillyfumé,10
fast,177
window,79
slatey,30
vanillacherri,10
spike,56
gunpowd,11
fourthgener,6
monoton,46
fail,118
multigrap,12
goldcolor,13
outright,26
fabul,205
tempt,48
immens,254
2020–2032,13
creep,88
realiz,28
endow,94
wine—it,11
enorm,738
chevali,13
shoot,40
deceiv,6
uneasi,11
deepcolor,7
embed,27
mediumlength,101
rein,63
ciderlik,10
seek,69
mediumintens,29
koolaid,13
accept,134
scratch,21
spiritsoak,11
school,43
owe,21
skirt,20
vat,15
fold,221
miss,405
dole,62
chocolatecov_raisin,59
never_lose,85
short_rib,63
come_mind,65
lodi,129
sattui,7
annual,16
equilibrium,21
oppos,55
akin,70
stuf,345
previous_vintag,184
aim,70
60yearold,7
button,69
santa_lucia,85
chanc,64
3–5,139
testifi,24
origin,310
francisco,27
roasti,13
establish,62
boni,6
noirlik,14
mother,22
might_expect,116
amador,34
diminish,27
bear,323
sock,19
chile,228
led,44
merlotbas,53
fruitladen,23
yakima_valley,101
sauvignondomin,18
wellround,49
2020–2030,32
2000,100
rhôneinspir,7
await,14
33,39
distinguish,278
reappear,17
fess,21
unapologet,9
cours,226
reserva,99
ensembl,97
exposit,8
schist,30
columbia,55
gorg,12
ancient,67
lake,68
columbia_valley,95
pecan,28
unclench,11
meal,166
pungenc,51
now–2023,14
tightgrain,15
emphat,8
forget,42
felton,26
caress,94
benchmark,77
mike,28
laurent,18
western,86
requisit,33
topofthelin,26
lifespan,27
2020–2025,6
monstrous,10
jerki,20
quintessenti,112
wachau,24
twothird,51
marionberri,8
grill_steak,212
address,12
opaqu,66
dandelion,16
interspers,20
neat,43
dine,19
king,37
print,11
upsid,9
paradox,12
blister,6
69,7
thought,57
batten,12
exceed,114
arguabl,80
jolli,15
rancher,8
commemor,20
pli,6
semidri,63
brian,23
lore,23
overreach,18
tonic,481
limitedproduct,46
inclus,24
39,34
offbal,9
flavorwis,74
halfandhalf,6
figeac,8
amalgam,16
perform,171
gear,26
disappear,67
rothschild,14
mouton,21
81,9
jordan,11
forth,124
45,90
individu,75
felt,26
enthusiast,37
tandem,18
crispest,30
liveli,104
saintemilion,45
classif,10
franc,198
radiant,11
rivet,17
mineralsoak,11
sgn,7
right_away,147
wow,93
bundl,17
mesmer,11
molten,61
sunripen,49
merlotdomin,41
rosato,14
blast,566
curtain,19
moscatel,7
sweeti,18
around_edg,153
weak,151
set_scene,50
suppress,37
romant,11
robe,9
overrid,69
handsom,73
spite,7
seltzer,7
longer,372
copper,27
maraschino,63
front_center,139
oak_cask,114
darkplum,12
melka,10
syrahbas,16
grower,59
exemplifi,54
mélang,134
lawrenc,7
check,142
offici,73
scale,75
post,16
tendenc,24
repay,9
salina,36
limeting,18
spright,81
execut,115
twang,9
tarter,15
trajadura,22
fantast,209
howev,599
welljudg,22
pliant,31
easiest,15
marlborough,301
either,200
roughhewn,17
confer,20
monopol,16
stir,64
luckili,7
nonfruiti,10
cigarbox,31
ask,76
hung,14
brais,100
standardfar,6
unadulter,20
oomph,16
slowcook,13
woodsmok,23
bbq,41
motto,9
fring,36
pricey,89
monterey,143
boozi,7
cocktail,163
afraid,16
rambuncti,15
higher,248
marimar,13
viura,104
henc,68
claret,35
nail_polish,56
remov,21
chief,24
traction,36
explor,51
upandcom,32
lock,144
unveil,35
prop,72
squirt,59
curl,7
wind,149
small_percentag,122
musqu,12
rob,52
ribbon,23
clos_de,44
vougeot,23
cortoncharlemagn,25
mercurey,14
lateharvest,55
onethird,93
whole_cluster,56
wetston,26
plan,28
sooner,19
hour_decant,81
matriarch,9
extrovert,13
yummi,74
gob,24
unfett,6
express_nebbiolo,123
stress,7
botan,22
diffus,34
list,194
limn,23
actual,240
eman,27
mirabell,37
happi,108
merest,40
unit,39
tapestri,34
radiat,20
alsac,61
purest,45
sultana,25
ripest,128
polar,6
opposit,65
desir,54
joe,21
davi,29
insist,36
stern,31
fundament,60
profound,81
plateau,17
pomerol,33
govern,11
cordial,25
damask,10
unmistak,31
astonish,46
dreami,9
danger,30
endur,139
william_selyem,76
allen,15
underli,9
cardamon,16
captiv,73
mirror,30
repeat,26
messag,12
world,169
contempl,41
supersweet,24
mysteri,82
shyli,6
cos,8
destournel,7
médoc,53
almondi,21
alder,22
sugarysweet,28
milki,51
rubyr,16
rain,20
tower,20
mayb,636
mouthpuck,42
pork,390
flank,40
antonio,8
bakedberri,9
singular,12
oval,8
prestigi,29
sainttropez,20
freshfac,22
tap,9
nori,6
unwav,8
wear,146
dijon,14
76,12
clonal,20
materi,39
1995,15
actionpack,11
cherimoya,8
forewarn,16
collaps,24
bordeauxstyl_blend,192
possess,177
tie,41
enrich,227
wellag,16
chord,20
dinner,132
43,30
revit,37
bomb,164
casual,93
forefront,54
nimbl,8
vinaigrett,13
divers,20
sink,42
teeth,20
creek_valley,117
complementari,20
croissant,9
chardonay,10
encas,43
deriv,50
lover,194
stunner,29
artifici,57
scrub,25
enjoy_soon,72
brittl,88
rosehip_tea,81
appliqué,18
worth_age,263
sacrif,27
yellowpeach,8
evergreen,28
superconcentr,32
murmur,24
muchneed,30
st_helena,84
precari,7
rosso,147
lowacid,43
thrust,39
wellconstruct,19
suppli,42
lake_counti,66
travel,14
miller,6
bien_nacido,61
would_benefit,115
belt,22
toler,21
lollipop,20
juxtapos,18
pour,223
propel,60
shadow,71
associ,149
archetyp,14
spare,51
sb,190
crust,139
gamey,12
ever,403
dure,76
mouthdri,27
secret,24
cool_climat,60
zone,44
entwin,10
equival,66
grang,14
rememb,29
1996,30
probabl,496
confin,7
tilt,46
boar,24
authent,102
pavi,10
coown,12
edna_valley,126
dan,14
profus,17
us,210
montalcino,264
gem,43
sebastopol,39
counterweight,20
soprano,11
heritag,27
woodshop,13
cayenn,6
shrivel,77
pull_togeth,85
muddl,172
bean,88
ditto,15
buttress,70
zip,67
hawk_bay,40
openknit,32
cru,383
classé,16
demonstr,117
greco,18
di,328
tufo,11
gill,13
shelter,7
mount,55
29,38
cherry,18
almostsweet,12
61,17
juicili,7
chandler,7
infinit,10
tribut,26
art,79
none,67
dave,9
cognac,12
roessler,16
pay,70
recognit,6
navig,7
monster,69
wellmanag,41
parad,10
pile,124
martini,28
raini,8
confit,6
orangeblossom,7
strain,82
68,32
cinsault,91
tertiari,63
beef_stew,73
trio,50
courtesi,86
yountvill,24
drink_now–2016,114
lose_sight,30
mess,10
altitud,30
elena,8
merit,91
tug,59
stretch,114
ten_year,107
disclos,26
49,14
charbono,12
featherlight,12
dart,8
beneath,108
34,70
seashel,7
adelaida,13
wit,20
el,44
overbear,42
vacat,6
muscat,88
oyster,106
clam,41
infus,146
brutal,18
unto,6
whi,294
hu,6
wooddriven,27
veteran,93
john,59
lane,52
acquir,53
44,29
latch,21
faiveley,31
break,142
superclean,9
sharpli,100
ticket,21
weightier,15
fray,17
meant,179
cloud,33
nest,12
cusp,21
begun,18
carter,18
track,40
straightlac,9
six_year,449
stuff,330
whistleclean,12
testament,46
longev,81
bestofbarrel,18
gravita,33
heirloom,30
justin,10
map,32
develop_bottl,418
scream,61
pizzazz,22
toss,37
pessacléognan,8
andré,9
lurton,32
margaux,101
arrest,9
glorious,78
corral,10
auson,15
adventur,26
drinker,69
reed,7
indian,96
asian,100
appley,34
thirstquench,29
deux,12
mer,9
recov,10
donat,6
al,47
christma_spice,126
mas,8
favorit,122
tint,40
terrav,7
facil,21
buellton,8
redblack,9
interlac,14
factor,93
craggi,27
recent_vintag,70
foggi,8
latest,94
gaillac,9
exhilar,11
stapl,9
hope,113
grüner,149
sagelik,8
fluid,29
herald,6
concord,19
saintaubin,12
jab,8
muscledup,9
hawk,7
japanes,15
vanillacream,11
blind,57
fade_away,47
teriyaki,98
cocoadust,14
alkalin,7
puncheon,11
cacao,35
washington_state,49
cabdomin,13
reput,121
explos,328
next_five,148
wife,16
sommeli,49
baron,27
umbrella,7
vino,35
drinkmenow,65
yes,228
get_better,186
retic,73
fool,28
soul,37
cute,15
pfalz,7
hamburg,74
canelli,15
shrimp,116
taitting,7
pasta_dish,148
turbiana,8
limit_ageabl,64
thirst,19
filigre,20
baga,28
statur,21
unpleas,66
attempt,45
accord,58
sluggish,9
fatter,22
chunkier,9
issu,135
welldefin,118
barossa,140
poultri,129
parsley,19
bloodi,26
turmer,15
fleshier,13
cleaner,48
woodladen,17
mendoza,76
rounder,90
menetousalon,8
altern,93
aid,30
campbel,15
annapoli,9
discoveri,17
remot,38
stonelik,7
cappuccino,17
pellet,8
highelev,21
fog,30
forgiv,15
choic,328
anyon,80
fullfigur,9
overlaid,19
moueix,12
finebon,6
crunch,7
cleancut,12
constant,23
sensual,86
82,6
stride,48
startl,12
svelt,19
mileag,7
redfruitflavor,6
attack,67
cheek,20
repris,41
highintens,6
mitig,24
overextract,54
correct,184
le,203
lemberg,27
readytodrink,120
sauv_blanc,47
razorsharp,13
vanillating,46
arinto,34
mediumlong,67
tomato_sauc,80
blaze,61
bang,48
pumpkin,17
money,186
mammoth,23
chimney,8
benchland,7
oakderiv,37
foodstyl,6
knight,24
templar,8
strut,22
cherryfruit,8
suffici,48
vinif,18
loureiro,31
lima,18
undertow,85
plus_side,97
ed,23
sbragia,30
breadcrumb,7
sassi,69
stratospher,8
interfer,61
latt,12
substitut,20
carpaccio,25
overthetop,65
bellpepp,10
cevich,22
intrus,45
fri,161
mozzarella,35
joey,7
coolish,9
must,173
six,119
chines,168
subregion,49
tensley,6
cornucopia,14
represent,19
stéphane,11
derenoncourt,8
wooden,16
curri,122
noirbas,24
hidden,73
sundrench,46
delect,33
treat,84
resolut,16
alert,81
pencillead,16
nondescript,42
pinchi,10
meander,25
thrown,46
myriad,32
abbrevi,17
skip,18
promot,13
countri,192
divin,19
lemonzest,17
las,24
asian_fare,39
mediumdri,30
girth,22
crême,20
walla_walla,210
jon,7
maison,35
believ,78
marker,14
strawberrycherri,15
haunt,18
2019–2027,11
olivet,9
pellegrini,9
longest,18
underbelli,19
notch,56
chive,11
laser,12
shell,112
born,32
piquant,181
highprofil,8
lower,172
behav,6
malti,14
priorat,71
eden,26
slow,76
straightahead,25
intact,30
peardrop,6
couli,6
proof,50
fabric,29
cofer_viognier,40
unconvent,12
throwback,32
earlier,43
era,22
brownish,29
malolact_ferment,147
shut,66
dirti,32
inoffens,35
tast_twice,89
shaki,17
ruddi,14
bytheglass,37
verdelho,20
saintestèph,34
uncertain,10
5050,42
malbeccabernet,9
punish,19
crushedston,38
redappl,27
wellmodul,14
biscuit,41
cranberryraspberri,10
valuepr,128
bargainpr,41
garrigu,102
threaten,14
territori,135
onenot,22
hum,13
vouvray,42
telltal,39
chenin,67
paul,30
hobb,11
mistak,51
disjoint,159
puzzl,6
rude,42
growth,46
vin,27
ungain,52
portobello,20
malvasia,74
alex,7
taken,86
duti,11
barriqu,151
wing,22
foreground,17
55,74
hierarchi,10
hammer,23
chablislik,29
elsewher,33
unheard,6
clock,42
165,22
62,34
38,40
cab_franc,526
hedg,12
conner,33
replant,7
tuberos,9
bounci,116
shelf,22
sleep,13
sideway,7
glanc,7
2016–2023,8
brawn,34
master,83
newli,47
moon,16
overlap,6
electr,43
commingl,12
whether,71
now–2020,7
matt,12
barbecu_sauc,97
strung,9
late_harvest,48
format,46
soak,43
rush,84
jonathan,13
nagi,11
angélus,9
inflect,25
reckon,6
demur,18
cudd,44
artisan,19
gift,6
maresh,27
nougat,53
equat,14
wright,34
riverbench,7
earl,25
grey,26
threequart,19
rariti,8
mushi,65
mediumstrength,12
montepulciano,87
shorten,11
chip,60
ralli,8
lengthen,23
broth,22
smoothtextur,32
63,16
ultrasmooth,24
antonia,9
ferreira,13
dame,9
descend,14
review,90
denser,50
2008,794
fern,31
compani,181
temecula,7
wheat,34
fuse,10
stroke,26
latereleas,13
impenetr,106
namesak,12
broken,16
weigh,114
slatedriven,27
crème,54
mulch,29
5050_blend,98
fatti,100
steelfer,22
bruschetta,35
oliv_tapenad,91
sushi,70
case_produc,440
noodl,16
taco,56
unruli,9
fri_calamari,41
mussel,36
cope,7
pinotfriend,8
wild_mushroom,164
risotto,119
irregular,19
muscadell,36
santorini,6
creambas,18
effortless,122
collect,102
euro,9
greengag,24
likewis,12
bar,166
collector,15
park,18
mission,29
club,13
2020–2027,11
attain,19
palmer,16
onion,60
bruce,6
pierr,26
lafond,7
garden,87
livermor,38
hungarian,35
compens,91
dua,6
clingi,7
preval,16
35yearold,9
wayward,52
oper,30
strive,21
chablisstyl,34
andes,17
boisset,35
awesom,60
illustr,22
dewi,8
tread,50
intern,260
vitamin,52
joven,9
oldfashion,132
unattract,10
cabernetdomin,18
knife,20
mouthcleans,50
kerosen,31
kernel,12
bigtim,103
baselin,8
farmhous,7
flavorsom,8
talcum_powder,73
sell,61
retail,13
store,40
eggi,13
empti,21
plod,18
drinknow,58
côtes,15
orangezest,22
ratchet,8
dna,31
soap,40
obtus,12
argentin,107
clos,94
ball,39
ale,14
strang,174
dial,34
pound,39
converg,14
ddo,18
drouhin,27
quail,14
jaffur,7
spectacular,167
snif,9
cambria,9
socal,33
marc,6
au,30
bon,24
singleclon,9
followthrough,34
fudgelik,20
suffus,25
highalcohol,89
soussan,7
panopli,37
vietnames,63
rum,38
minut,175
redcheek,6
espressolik,22
vinegari,29
specimen,60
steam,95
sul,9
dijon_clone,69
saw,50
merlotcabernet,26
handpick,8
crop,50
shown,66
die,15
josé,10
santo,14
da,40
silva,9
headtrain,11
grew,12
150,19
picnic,106
tranch,7
blockdesign,9
ensu,7
greener,29
pinpoint,40
suit,98
1000,48
carmel,12
stronger,29
grapefruitpith,8
bunch,28
likabl,143
fortun,188
simon,6
abv,34
roughedg,13
whitegrapefruit,9
clacki,69
jame,34
sole,32
montagn,15
reim,14
jar,36
bélingard,7
sulfit,9
brew,34
plucki,22
56,41
thoma,10
blackberryjuic,6
clunki,42
greenpepp,11
seep,21
tentat,6
leaven,57
newest,55
northwest,48
guid,11
darkhu,23
taught,7
pulignymontrachet,12
smaller,47
highwir,9
bay,153
could_use,326
sight,47
18th,9
sprawl,23
christian,17
pan,10
valandraud,17
richest,97
scintil,8
couch,33
friendli,16
fireste,9
goat_chees,55
icon,99
action,27
sec,15
enter,152
sausag,138
pâté,12
sebastiani,37
sonoma_counti,71
tier,125
castelão,39
shortterm,62
appleflavor,32
fish_dish,61
support_role,65
antão,12
vaz,12
proven,34
giant,42
clash,21
silicon,9
supersmooth,6
northeast,12
mill,52
station,47
macaroon,49
embodi,32
wellbuilt,28
barest,24
mondavi,57
learn,10
lasagna,109
vegetarian,11
cuisin,95
ciliegiolo,13
overnight,18
optimum,7
dank,16
applelik,15
quirki,18
unnatur,36
children,10
elast,8
sketchi,15
follow_suit,40
fruitcak,60
unbalanc,237
shout,16
voic,10
unsettl,13
cocoon,27
bin,28
perk,41
border,147
variat,38
sampl,1086
spinetingl,9
advertis,11
screwtop,7
outweigh,16
grecanico,29
grillo,116
earthen,8
tealeaf,36
lemonpeel,12
younger,68
revert,10
jim,23
barri,18
savoya,8
path,46
mt,29
pomelo,17
owen,7
letter,8
coro,6
mendocino,57
award,21
del,97
rio,22
beat,96
subsequ,14
toastier,18
motor,11
tuna,113
burger,281
proposit,10
oakinspir,92
laroch,12
largest,63
les,132
hotter,43
glyceriney,101
offici_alcohol,73
santa_rita,79
apple,24
pearflavor,32
pleaser,22
oger,6
78,17
aussi,33
brink,11
unsweeten,86
collid,8
winter,101
turkey,43
uphold,6
christoph,24
jo,8
1998,47
romaneira,9
ortman,9
shift,44
gum,65
rudimentari,32
paid,21
wrong,125
pruni,98
ivi,8
happili,39
54,11
heft,363
sandpap,22
go_anywher,139
downright,35
seawe,27
slatelik,13
normal,168
negoci,51
dourth,6
paradigm,7
specialist,55
goldridg,6
musqué,8
juicier,15
sibl,31
oakinfluenc,31
preponder,8
composit,38
blanch,16
cherrypi_fill,59
blade,6
wellton,9
smaller_percentag,43
fluffi,27
substant,38
alfrocheiro,8
rub,17
pointi,15
porti,292
guess,43
paprika,12
rollup,22
prowess,7
intertwin,44
spun,25
agil,40
glossi,22
freshtast,16
hardhit,7
puls,114
margin,61
cascad,35
plowbust,6
mineraltextur,16
german,67
leg,71
gutsi,45
swing,21
spongi,11
pizza,331
mustardi,18
maritim,10
topend,18
teroldego,18
amplitud,6
interweav,6
microscop,8
sad,21
realiti,12
triumph,25
accur,30
poir,6
pearscent,7
counteract,6
heel,49
ant,10
primetim,9
carnat,37
coop,27
horizont,9
sherbet,48
race,17
lazi,31
bead,39
shortliv,7
undistinguish,13
foie,29
gras,30
anytim,45
macphail,21
shrink,9
option,28
crescendo,19
jampack,24
candylik,31
awkward,369
precious,24
basket,16
fork,9
dissect,9
fame,94
eyri,21
provoc,11
quarter,84
onceus,16
keller,8
gewäch,11
germani,7
von,27
der,6
director,11
desper,22
freshpick,11
titl,8
europ,29
beg,51
sap,41
upsw,9
bigproduct,14
georg,41
albrecht,10
limeskin,14
101,7
154,31
surf,6
varnish,15
cork,34
blacktea,25
command,27
cole,9
gloria,9
glori,35
guy,12
profession,9
footbal,7
launch,11
115,20
allianc,8
carpet,9
intox,66
cultiv,9
principl,21
deliveri,125
outlast,28
omniwin,14
now–2015,30
mashup,13
roast_pork,89
interpret,247
inzolia,32
nuit,15
farmyard,47
chef,22
return,115
emin,57
hair,16
sweetfruit,10
xavier,14
clementin,29
sharpen,26
beach,35
stalk,39
crown,12
pepe,10
20yearold,24
seduc,65
rossi,6
deiss,8
member,31
vargella,7
inner,29
strawberryrhubarb,10
saint,59
20year,14
legaci,15
2015–2030,14
gunmet,16
mouchão,7
claim,25
pride,15
plot,14
joseph,29
boutiqu,52
doubl,51
jeanluc,21
thunevin,12
moutonrothschild,6
chervil,10
onequart,30
aplomb,25
1970,8
flatout,28
starch,11
screw_cap,55
rambl,9
earn,132
cost,210
freshbak,25
laird,19
newton,27
group,168
gone,55
harden,14
sardin,6
detriment,9
gulpabl,22
alon,58
softtextur,8
90yearold,9
moscato,65
fortifi,23
search,37
sierra_foothil,32
smidgen,14
vanillakiss,9
slab,13
pascal,12
destem,11
rod,6
chianti,207
herbcrust,6
denomin,9
ode,9
architect,7
julia,12
sherri,100
russian,10
content,76
orangepink,18
mid2016,15
pont,11
schindler,10
sandwich,56
stainlesssteelfer,9
charmer,36
mate,8
curv,27
garnish,29
longliv,47
warrant,83
partnership,23
mcwilliam,9
arista,9
succinct,8
thrill,65
cherryvanilla,20
broader,47
flood,128
chunk,20
clare,51
persuas,7
greenting,10
sinuous,15
customari,13
lemondrop,98
osso,12
latepick,10
context,63
fraction,14
peyrabon,9
hautmédoc,23
pauillac,65
laros,6
brillianc,32
lodg,6
event,26
lunch,32
lit,10
wispi,15
testarossa,71
navarran,41
rosado,34
ladi,13
shortag,69
vanillalik,10
worn,29
drama,16
poor,39
fair_amount,81
crumb,13
aftershock,6
foothil,45
2017–2019,7
overtaken,22
summerrip,7
mediums,25
cherrycandi,7
whirl,12
minimum,29
idea,58
nib,26
nevertheless,68
flatlin,10
pizza_pasta,57
driest,36
credit,37
nativ_grape,74
nero,433
davola,420
2015–2024,7
jewel,15
croft,6
movement,22
jensen,16
light_airi,68
sacrash,10
77,21
bass,36
platform,12
fogarti,20
flowershop,10
te,34
set_apart,55
martinborough,27
salmonpink,8
beckon,12
homemad,21
kahlua,10
rick,17
longoria,19
discov,28
wimpi,22
realist,23
descriptor,31
solut,22
servic,63
confus,49
patio,17
mader,26
submerg,42
cough_drop,124
foxen,23
prunelik,11
wan,27
cranberrycherri,16
chalonnais,6
soufflé,11
buri,169
therefor,43
simplest,20
fruitiest,12
allot,21
unfortun,75
drown,12
fleuri,10
presag,21
allimport,20
second_label,87
portal,15
fullinthemouth,21
blood,52
assembl,34
program,26
hedgerow,41
grapefruitlik,12
collin,35
seven_hill,116
farmer,10
hat,17
clovelik,11
transpar,74
summertim,33
opportun,14
job_done,127
sloppi,16
appledriven,14
semitart,21
darken,33
catarratto,43
occasion,11
slip,58
jason,6
lett,9
multidimension,17
firstev,13
carabella,10
hyland,12
thistl,16
wellblend,12
deepen,37
emilio,14
moro,13
portlik,133
grasp,12
librari,19
transform,29
schisti,19
majorleagu,8
sweetish,30
guidanc,8
catti,6
doughi,41
tropicalfruit,48
perlag,157
foursquar,65
lowlevel,7
versus,27
allegrini,11
veneto,13
grilo,6
softest,19
adapt,10
nonno,9
marinara,13
loss,12
tuttifrutti,16
split,45
forgotten,10
whatev,63
swamp,109
faux,44
par,51
bee,27
hazlitt,9
resort,8
bandol,10
subsect,14
51,22
flouret,12
pool,41
gin,8
stainlesssteel,13
altogeth,32
cat_pee,39
fivespic,14
undefin,16
vicent,6
foray,12
suffer,88
finer,23
sprite,14
7up,10
unstructur,22
southfac,19
tickl,40
2017–2027,9
file,40
nerello_mascales,46
blanc_de,73
trodden,7
charg,77
test,24
crusti,131
beerenausles,18
arriv,28
commerci,31
loin,8
giscour,8
candid,41
piney,14
featheri,19
heartili,6
cherrypi,16
underwhelm,37
87,14
norman,8
overflow,23
bruno,20
paillard,8
93,10
encourag,34
sync,15
jacket,60
precoci,29
brulé,27
mushroom_risotto,25
tobaccolik,26
unfocus,72
much_els,54
fix,7
predinn,11
treixadura,17
inyourfac,37
honeyroast,20
syrahdomin,6
fivegrap,48
price_rang,90
rhônes,9
currantflavor,9
cassoulet,6
aboveaverag,7
souther,33
pillow,11
understand,100
multifacet,31
buttercup,45
kosher,40
looseknit,13
grapeskin,31
northernmost,7
wellbehav,14
prize,27
liquor,104
125,69
72,22
sierra,39
cantabria,18
2015–2025,25
muddi,34
riverston,6
figgin,12
leonetti,46
meanwhil,72
babi,130
sesam,6
indulg,20
multilay,28
pinkcolor,20
mcclellan,16
blanco,6
peculiar,7
blanca,6
heavyhand,66
otago,40
subsid,47
cheer,296
strongest,24
brushi,17
sauvignonbas,30
fruitfil,32
10_year,451
va,18
piano,20
face,80
creation,7
bernard,31
befit,60
hors_heaven,67
lead_pencil,104
meringu,110
pud,71
virtual,84
oxygen,12
exposur,48
mâcon,16
modernday,6
throat,44
crispi,30
starfruit,10
trout,19
piec,56
pearl,6
creativ,19
wellknit,7
caraway,15
silvio,10
négociant,52
jeanmichel,7
dialect,7
tube,8
emul,13
elit,15
135,80
sur_lie,94
breast,16
dous,8
cloth,15
herbinfus,54
dosag,102
whatsoev,8
cardboard,17
maxim,11
lemelson,15
rous,8
milkchocol,9
potato,99
meyer,9
shed,47
smallbatch,7
nerello,28
cappuccio,28
conceal,38
taylor,22
clammi,10
invis,19
drawback,43
built_upon,46
fernão,24
pire,24
brusqu,28
tritip,16
subtext,11
epitom,63
smatter,34
plate,65
brief,30
shelv,7
obtrus,11
honor,32
carolina,30
woman,6
argument,12
declin,14
jet,8
condrieu,20
avoid,138
bottleag,12
chilli,55
specialti,24
chanson,12
liter,29
crossroad,6
cooki_dough,38
latour,39
hermitag,77
terroirdriven,41
applic,54
taurasi,34
striat,15
underdevelop,50
avail,126
greenish,26
burrito,11
fruitsalad,8
twisttop,7
differenti,13
allpurpos,63
employ,16
ripefruit,19
darkchocol,11
dominiqu,11
96,16
syrahl,9
straddl_line,33
patent,12
citrusladen,7
muffin,16
satisfactori,18
chippi,6
incomplet,18
european,58
african,12
tuck,22
superstar,44
alfalfa,25
cannonau,36
sardinian,21
boval,18
carignano,41
wellcut,13
stint,7
ducourt,7
fruitpow,20
somewher,85
discern,78
bush,13
undrink,35
extraordinarili,209
folk,106
parducci,6
monik,22
inland,37
redwood,11
comehith,7
mouthnumb,18
eola,10
friulano,100
gisborn,11
gusto,6
kid,16
unexcit,16
mclaren_vale,37
silkysmooth,24
australia,69
chocolateco,7
bestbarrel,11
100yearold,6
jaboulet,26
coffeebean,11
rocksolid,34
harddriv,8
set_stage,92
everyon,115
lemonflavor,12
dwell,6
infiltr,20
smolder,8
gimmick,6
fizzi,30
vanish,12
saltwat,6
taffi,7
undercut,9
barriqueag,9
rhônestyl_blend,73
mouthpleas,15
midst,13
oldworld,7
stab,6
henri,36
ambassador,18
1974,9
tongueco,6
fullthrottl,61
sundri,20
connoisseur,32
tim,8
massag,6
carbonnieux,7
goodvalu,8
blackstrap,17
heaven,19
shaw,15
garnetcolor,22
hawthorn,7
austrian,30
oakdomin,9
elimin,7
molé,9
dryish,78
peregrin,6
velvetytextur,12
eat,10
freesia,19
reced,17
untam,42
remind,78
briar,60
patch,33
met,12
develop_next,267
spicier,24
darenberg,12
warn,20
contend,20
entré,16
offnot,7
wors,23
wellchil,12
caramelflavor,19
week,34
pn,6
piecherri,17
scrambl,26
citruslik,16
hardspic,9
flatten,38
finetun,40
ten,39
volnay,40
tenderloin,35
worthwhil,16
terr,42
duo,7
lait,6
backend,13
porterhous,8
undergo,29
brain,6
ribera,71
2016–2030,8
explain,42
buco,10
afterthought,14
dineen,27
cabinet,21
adject,12
decay,13
unwrap,17
notquiterip,6
coombsvill,26
1979,8
joyous,8
eschew,8
wadenswil,6
1989,7
notwithstand,6
blindtast,7
margaret,24
topshelf,26
nake,7
australian,98
79,8
spiceflavor,7
bergerac,10
nobodi,17
acrid,29
afloat,15
escap,37
ok,80
prosecco,655
comparison,27
easytodrink,93
figgi,20
regardless,15
wallop,12
frost,17
indistinct,19
scatter,81
unyield,85
nod,30
founder,36
twice,32
loess,19
rival,21
firstrat,32
gigonda,29
legendari,44
ampli,77
ident,55
bet,107
scene,29
lucid,19
predict,66
toothpick,17
hors,104
lifesav,94
undisclos,14
lozeng,8
compostlik,6
milbrandt,41
segu,97
ghost,10
fit_bill,38
francesco,18
pistachio,76
worth_search,31
morgon,18
fiano,30
avellino,10
veal,121
meatloaf,47
vultur,19
knock,28
10000,18
disagre,46
kamptal,11
minerallik,15
discret,7
4–5,374
age_3–4,190
keep_thing,83
ammonia,28
rattl,15
ashi,29
perfumi,13
razor,30
cherryraspberri,14
glow,37
glint,12
cranberryish,21
connect,38
coonawarra,44
mochalik,9
innat,9
1983,7
bigbodi,12
blowsi,51
wine—a,16
garganega,26
wheati,9
vinyl,9
plank,11
besid,75
omin,11
semisour,19
slim,22
oakfer,11
near_term,67
sauvignonmerlot,9
dumb,31
stephen,16
lui,29
obispo,17
bore,26
expertis,10
rosella,19
honeyglaz,6
scallop,62
2009s,10
brûlée,22
ribald,12
etna,54
lecol,26
1500,9
trait,29
acidrich,12
gevreychambertin,16
70yearold,16
outset,12
romagna,19
central_itali,76
broil,35
innocu,40
function,50
fettuccin,10
ragù,22
percent,118
tanninacid,106
stablem,25
elton,8
classifi,22
recommend,138
okay,185
136,10
run_toward,88
cleanli,25
sleepi,14
toll,14
veggi,81
worst,11
bulk,55
lighterstyl,23
sicili,222
endnot,70
feudi,11
primitivo,86
princ,6
7525,9
seafood_dish,31
2–3_year,572
innov,42
pinot_nero,75
lightfram,17
bründlmayer,17
calamari,8
browni,26
pulp,93
curedmeat,10
magrez,23
wetdog,7
labouréroi,12
scandal,7
weeknight,8
mediumful,41
atyp,75
bourbon,21
sous,30
boi,40
court,22
jacqu,8
bog,7
weird,65
click,30
mucki,7
knockout,36
rochioli,20
justright,16
pitch,10
facet,18
mineralladen,22
astound,12
greg,18
brewer,6
supercharg,9
beaujolai,126
storm,8
vosneromané,14
fratelli,13
vign,29
newer,20
willow,31
ore,22
rôtie,8
bourbon_barrel,49
80yearold,12
count,59
savigni,11
newwav,9
modul,35
viosinho,7
simplic,60
tempranillobas,6
languag,9
march,51
punchbowl,16
rueda,47
146,24
modern_style,288
frill,16
cross,47
caraf,15
suppos,43
sweetandsour,108
ordinari,174
thinneddown,18
sensit,44
skunki,12
alik,11
harder,55
insolia,55
versac,6
watch,163
movi,17
laidback,10
juxtaposit,16
qualifi,54
grid,12
mediocr,23
held_back,82
add_dimens,49
prolif,6
devolv,6
sawmil,19
sunda,8
depend,124
tooth,29
els,147
sensuous,81
getgo,26
intim,9
slumber,6
lovag,6
marqui,10
2016–2025,17
chestnut,73
peoni,9
liber,118
califa,9
prettiest,9
numer,20
surviv,15
tomatobas,19
gram,6
noteworthi,34
donna,10
aglianico,92
aforement,13
145,55
citi,37
furri,86
franci,13
120,9
track_record,122
frequent,16
aperitif,47
sumeir,9
ravioli,56
ricotta,21
offgold,16
quibbl,57
disguis,7
lang,8
asianfus,6
pepperoni,19
stale,19
embryon,6
convers,8
citron,40
superintens,12
ultraclean,38
intricaci,15
intellectu,39
everi_sip,53
rwt,6
finish—a,10
heiligenstein,17
tba,21
undul,9
duval,16
penfold,19
freixenet,49
spumant,7
cabral,17
anniversari,28
250,37
seal,70
chianti_classico,261
dip,44
predecessor,30
stimul,74
doro,6
merri,26
relationship,16
08,95
deton,30
5–6_year,267
strap,32
lighterbodi,27
now–2021,6
yalumba,7
empir,12
export,7
robert,49
counterbal,25
2017–2030,6
mixedberri,11
swoon,7
swan,30
magic,87
loveli,7
marbl,10
edit,77
declar,7
noval,10
justifi,32
grind,28
card,67
tan,46
sensori,8
twin,11
champoux,77
sagemoor,31
woodward,20
kirschlik,8
gird,17
strawberryraspberri,14
confound,14
coalesc,12
lone,13
800,10
salomon,8
salsa,29
obscur,35
bourboulenc,6
lamb_beef,58
vanillaoak,27
sangio,23
everyday_fare,85
amphora,6
grave,22
dim,7
trebbiano,55
finger_food,92
trefethen,13
kudo,31
train,29
kracher,6
tbas,6
blown,8
talent,37
camp,38
billow,15
lesser,31
sold,42
jadot,9
tabla,11
moonless,9
midnight,42
bust,15
walk,64
spitz,11
montefalco,54
sagrantino,98
galor,31
2014–2020,14
2004_vintag,92
krug,25
5–7_year,81
wellregard,32
beverag,43
inc,322
3–4_year,301
slash,6
2–4,29
cult,143
bresaola,84
glycerin,89
stay_power,141
resinlik,8
vener,34
tightrop,12
superl,15
car,13
fault,92
colheita,14
contradict,24
cristom,14
vendang,15
tardiv,16
monastel,6
crackl,17
dispar,15
taster,117
biscuiti,8
respit,6
interior,17
pad,26
prestig,61
bow,9
64,17
springtim,12
bizarr,21
whop,19
super_tuscan,193
granular,51
rattlesnak,8
throttl,11
153,28
austria,38
cassisting,6
burg,12
immatur,147
lofti,15
crab,116
languid,7
attribut,117
next_6–8,99
sicilian,219
grill_fish,53
lamùri,6
bouchet,8
nouveau,48
talc_powder,95
sauvag,42
pope,19
topflight,36
butterfli,13
papillon,9
savennièr,27
next_six,315
formula,45
flexibl,18
5–10_year,73
crystalclear,9
brittan,8
disposit,67
lash,24
drape,16
cone,22
miso,10
777,17
laurel,23
buti,8
duski,9
chaser,10
hole,44
sweetseem,7
overrip_raisini,60
blatant,19
meek,24
justpick,13
onionskin,7
palateco,22
marque,8
parent,7
starr,6
cherryskin,40
keefer,8
victoir,16
crawford,14
prettier,19
correspond,15
jackson,22
rescu,21
concannon,19
panach,10
morey,11
strip,47
threegrap,16
pall,23
eiswein,23
zoom,8
farrel,18
random,6
leagu,64
limezest,14
verit,13
lowproduct,25
littleknown,25
cagnulari,6
vermentino,53
erath,33
frappato,10
brute,8
ghielmetti,7
smith,29
shore,11
least_five,137
satisfact,30
noirdomin,8
terribl,125
pulsat,13
liplick,8
anticip,35
puré,81
strident,37
smalllot,8
damné,7
southeast,16
churn,6
30yearold,23
circl,21
compound,37
past_vintag,139
abnorm,13
unfamiliar,17
cactus,14
chamboll,23
wooli,12
palpabl,27
zweigelt,88
91,11
vall,21
cinnamonlik,8
bouchard,28
220,7
nestl,9
1994,10
gut,38
enviabl,8
stalwart,19
terrass,6
felin,127
keen,75
beaujolaislik,7
gentler,22
takeout,27
argentinean,55
spaghetti,67
cellar_candid,54
dürnstein,7
renov,7
church,37
st,69
luck,8
adelaid,18
grill_sausag,54
necessarili,46
veneer,107
jalapeñolik,8
briari_brambl,126
salic,6
salentino,6
negroamaro,40
8020,61
highscor,7
141,18
siena,21
mid,22
siduri,29
casal,11
long_hangtim,78
drink_now–2014,105
someon,15
hear,9
jazz,10
sturdili,9
thrive,8
driedcherri,11
undoubt,57
bramley,6
wellripen,98
1981,9
youngest,11
wine—th,9
10yearold,28
answer,30
katnook,17
submit,6
sleev,15
gevrey,30
rosepet,27
outer,11
occur,17
trademark,59
2000s,7
charli,15
jenkin,6
professor,9
regal,18
dampen,16
adjac,11
dionysus,17
bacchus,41
garni,9
rhône_blend,90
bracken,6
cinnamondust,8
ethnic,21
barrelferment,7
intervent,22
toneddown,7
syrahlik,26
heap,48
melang,21
spoilt,25
rosi,7
ago,48
lusher,27
gnocchi,17
gorgonzola,9
weather,56
inspect,10
tough_gritti,100
lessthanrip,16
acidtannin,62
juvenil,35
unintegr,95
seghesio,7
massmarket,19
devoid,38
flora,15
tapa,22
montsant,17
darkest,35
driver,7
brambleberri,10
cousin,23
pain,18
cosset,6
pole,6
hurt,16
uninterest,14
longboard,7
6–10,10
aveleda,11
folli,6
eccentr,40
fruit—but,9
ach,6
curios,26
stretchedout,10
child,20
earthbound,7
amaron,492
choos,19
bot,9
toptier,14
jack,20
proud,62
silverado,43
spicedriven,64
laetitia,23
macrosti,10
californiastyl,19
brie,10
crow,6
feat,10
villa,119
awater,17
auxerroi,7
valentin,12
teeter,49
spunk,29
hardest,11
vivac,48
deviat,10
krem,30
northern_itali,116
casablanca,72
barrist,14
horseradish,25
retast,24
flavors—th,6
rear,74
2010s,10
seafood_salad,46
mitchel,7
67,11
moist,113
7030,53
account,54
peacock,7
sojourn,10
conflict,17
outliv,9
savoy,10
denot,12
ambercolor,8
picolit,24
humbl,8
inevit,14
distil,6
bend,7
meão,7
smile,37
ill,9
umamirich,11
7–8,23
129,7
melliflu,10
bella,30
abbey,10
infanc,14
94,9
napabas,7
forestvill,6
string,66
countrysid,7
shaker,6
bordeauxstyl,73
wide_rang,50
mud,10
larri,12
solv,6
boy,42
hallow,7
gave,20
unrel,6
rainbow,20
altamira,7
uco,26
woodgril,21
cereal,12
persuad,6
uneven,74
calib,15
photocopi,13
madr,21
sodalik,34
den,13
bravo,22
coffeelik,33
northern_rhône,50
saintjoseph,29
corpul,15
new_world,258
tenuta,54
offshoot,7
conti,8
salento,6
puglia,16
martinelli,6
impos,22
cure_beef,50
demeanor,9
landmark,32
overblown,45
drank,17
adelsheim,29
acidifi,8
prevent,35
inaccess,6
peju,13
nobil,13
whitepepp,11
kill,14
piefil,165
incarn,9
500,36
mellot,28
organicallyfarm,13
pat,14
fli,25
minus,21
opt,26
applaud,8
museum,10
pricequ,6
ratio,19
slavonian,9
yinyang,6
miguel,9
torr,26
accomplish,31
treefruit,9
workhors,31
wildberri,31
bolgheri,69
brownsugar,17
free,26
paolo,12
delicato,8
ribey,10
churchil,8
planet,8
berkeley,7
complexli,7
cranberrylik,6
palest,20
approxim,33
determin,190
resid,11
scouri,150
nofuss,118
span,62
thorni,72
plane,20
stainlessfer,9
blauburgund,6
1–2_year,71
laud,11
moschofilero,9
halibut,30
chicken_salad,42
163,10
trim,26
better_known,63
enchilada,13
salmoncolor,12
consequ,23
permit,18
tune,64
poggio,64
freedom,17
exagger,123
poster,23
complain,34
hop,13
1997,33
glass_stopper,100
readili,28
perfect_companion,61
highpric,12
goldeney,28
thanksgiv,6
hit_stride,44
worldwid,16
calanìca,6
beginn,7
recip,32
tick,6
mediev,7
monasteri,8
mediumgrain,8
spanish_cedar,99
recogniz,51
175,12
extraordinari,175
formal,33
cesari,13
bosan,7
speed,23
one_dimension,46
6–7,35
kathi,10
yum,6
coolest,42
watercress,6
fullbor,12
fidélita,10
mini,6
tastebud,59
unbeliev,18
annoy,10
chappellet,9
silver,19
spongey,8
zap,30
basa,6
coffeeting,14
parsnip,10
environ,6
relentless,12
castello,58
9010,14
genuin,173
whole_lot,100
uninspir,25
fibrous,7
amber,36
hen,26
cadaretta,10
virgini,8
bourgu,11
riserva,500
2005,615
smoke_ham,165
bricco,58
luciani,8
bussia,39
welletch,9
welldrain,6
st_laurent,22
underestim,10
traditionalist,16
oddero,9
langh,52
rocch,25
castiglion,16
amber_color,26
mesquit,175
row,21
serraboella,12
cage,13
flood_mouth,257
itch,9
bigheart,24
drink_now–2013,107
natur_rubber,111
24_month,41
gambl,75
sweetest,33
soav_classico,141
vintaged,27
ambient,6
3000,8
berrydomin,7
loganberri,39
drag,10
tonneaux,13
ripasso,357
offbeat,31
sippabl,12
har,12
appassimento,14
rheingau,23
valpolicella,234
mesquit_wood,70
bolla,14
pitfal,13
planeta,11
earn_extra,56
oakl,7
capac,12
meatbas,13
limelik,40
underw,9
tedeschi,11
shank,23
lentil,11
spoon,18
crazi,21
lightheart,18
vaulor,6
object,21
boatload,17
bump,25
flavors—,6
leav_behind,67
target,29
finger_lake,75
166,9
english,18
runcari,6
trade,70
gratif,16
bishop,9
twenti,22
buck,130
livio,6
felluga,8
northeast_itali,55
07,161
made_popular,105
argentina,104
smoothdrink,8
guard,22
loosen,54
custardi,59
flight,50
consumm,7
gourmet,12
garnetrubi,8
gingersnap_cooki,44
trocken,20
meat_dish,161
classico,59
rubycolor,110
nicest,13
peep,9
asianinspir,9
wellsuit,9
festiv,17
troubl,45
ink,44
recycl,6
paper,16
blackcurrantlik,7
rosso_di,137
finsh,23
gang,9
chardlik,11
dice,12
welldevelop,33
unreliev,14
riski,20
slam,18
cushi,8
sur,18
houchart,6
2500,7
chablisienn,10
jammier,9
piquanc,25
especi_price,135
cliff,21
unresolv,36
score_higher,56
gassi,34
probabl_best,181
unconvinc,12
chubbi,24
sangiovesebas,64
horribl,10
semisharp,21
catchi,12
popular_style,36
golden_mango,105
yere,11
whack,44
bellussi,12
overcom,46
prosecco_extra,76
boot,22
soup,37
afternoon,59
oakfre,10
onlyincalifornia,7
cort,23
coconutti,17
buoyanc,34
pinotag,88
ovenroast,36
jicama,24
starchi,36
maul,10
bud,37
isol,6
caramellik,8
gerla,6
oakrel,45
receiv,27
jumilla,28
meatfil,11
mataro,10
vanillin,73
oakinfus,73
88,16
befor_serv,32
outdoor,51
superfin,11
cabernetmerlot,10
lure,6
strawberrylik,6
firstclass,20
raspberryflavor,14
drink_now–2015,370
2013–2019,16
merryval,28
manipul,26
fussi,35
homespun,7
cherryflavor,46
9597,84
9294_barrel,227
9193_barrel,233
pineappleflavor,12
tommasi,24
cocktail_sipper,93
treviso,12
granola,105
health,25
chorus,10
intimid,7
pinkgrey,6
manzoni,6
1930,6
luigi,17
overpr,32
trapich,37
culprit,8
superfici,34
rate,158
palmaz,6
superdrink,29
brief_decant,65
raisinskin,22
freshfruit,9
rhônelik,45
aura,9
prone,10
defiant,13
ste,59
michell,54
ferrero,14
il,84
llc,142
erni,12
pepperyspici,11
superpremium,11
precept,9
hopp,13
roof,36
worldstyl,16
orangey,18
now2015,42
coastal_tuscani,52
case_made,254
06,199
scoop,14
450,8
artichok,19
decemb,17
dirk,10
doughnut,16
bistrostyl,17
overwork,27
oldstyl,46
bertani,10
9092_barrel,279
8991_barrel,157
reinterpret,6
skittl,10
8890_barrel,145
smoothest,12
confluenc,6
heidi,10
barrett,10
devast,10
articul,13
compuls,7
would_work,100
southern_itali,42
corvo,8
drink_now–2012,153
coolsit,8
restaur,115
broquel,16
ultradri,28
fruitysweet,33
nowher,62
99,27
05,256
cadeau,10
10year,18
chapin,42
acidtotannin,6
domest,18
leader,22
userfriend,17
dynamit,20
aloof,71
unknown,19
architectur,48
prädikat,10
summeri,13
prosecco_brut,75
cartizz,72
snack,7
bistro,16
biscotti,16
01,51
gewurz,19
ferrington,11
teach,6
intro,7
weinviertel,11
philo,9
sweetsmel,58
belcanto,8
wideopen,11
whitetea,6
sweetpea,6
stolid,9
meatier,23
6040,46
maremma,27
tuscani,234
recogn,158
ripestyl,7
submiss,13
fullish,7
ursa,10
subpar,18
upscal_fare,53
artz,8
bring_mind,43
97,31
tour,31
botryt,21
drum,31
wening,7
ahi_tuna,54
alt,7
tokalon,11
denni,7
patton,6
rhônestyl,47
almondskin,10
now–2009,29
creamysmooth,16
mid2008,18
2002,183
global,54
primarili,43
ehmos,7
carv,14
clair,61
chiarlo,13
mourvedr,19
rodney,10
assist,7
ramey,8
grudg,14
blackberrypi,13
upscal,151
peko,21
ph,7
oven,27
creme,18
03,156
frambois,19
luzon,8
tailor,19
spicebox,41
assum,13
pirouett,7
agustin,9
huneeus,10
pricier,39
concis,17
rage,9
earthward,6
sandpaperi,100
grenouill,10
frog,20
higheracid,9
raspberrycherri,28
cleanser,12
berrydriven,25
fruityoaki,10
vinous,83
crimson,10
masi,8
welltextur,11
rabbit,20
middleweight,11
shafer,25
spicecak,17
citrusinfus,10
ojai,17
1975,12
fourth,22
authorit,79
luisa,10
baldè,6
2007s,14
razorlik,6
foggier,6
149,34
starter,32
josef,16
umathum,8
radar,11
04,199
reinedin,14
brancott,25
easier,21
import_pernod,49
ricard_usa,36
pio,18
cesar,21
tonight,46
2008–2011,12
lockdown,34
morisoli,11
crafti,9
highqual,46
baixa,14
campania,21
bernardus,10
mencia,10
luna,14
lumber,30
now–2011,47
8000,8
hectar,22
peter,29
hunter,41
drink_now–2010,83
erupt,76
pureblood,10
98,29
magellan,14
billington,12
02,108
sulfuri,25
superjammi,8
goal,17
5000,24
vin_divino,52
wj,28
deutsch_son,39
17000,14
bering,42
blass,6
usa_inc,57
valckenberg,41
unforgiv,14
import_empson,68
usa_ltd,72
meadowbank,12
youngtast,9
paraiso,16
moët,35
hennessi,21
usa,269
haylik,7
vanillai,7
tapioca,7
salmonpinkcolor,7
georgia,8
stoneleigh,6
domecq,17
savvi,30
southwest,10
superfru,56
straddl,57
aw,45
omnipres,6
dismiss,24
overs,28
unwood,22
scott,40
cara,15
morrison,24
2003_vintag,107
prefac,16
assyrtiko,12
indistinguish,12
controversi,23
panel,20
backward,13
plumflavor,16
abruzzo,20
dei,46
wellchar,14
cave,9
sangiovesemerlot,6
renaiss,10
glen,25
slouch,11
quaf,62
bianchi,6
cherrydomin,6
orangecolor,6
thud,11
moist_tobacco,76
roar,12
wedg,10
pecorino,32
audaci,15
nuitsstgeorg,22
09,78
tasca,7
dalmerita,7
decant_befor,83
155_alcohol,43
squeaki,22
dolcetto,182
133,9
smasn,8
unblend,17
champagnelik,17
stake,8
sandron,10
now–2010,26
gamach,20
15_alcohol,99
chardonnaylik,16
blew,14
403030,6
126,11
norton,11
dab,14
berryflavor,31
142,15
350,11
descript,32
laurentperri,10
lawson,7
import_via,76
pacifica,30
bother,23
val,17
foster,36
america,109
swoosh,6
nz,42
dancer,12
halbtrocken,9
cure,47
beeri,15
bros,13
kremstal,10
zantho,8
joint,40
wolfgang,8
peck,6
martin,37
liqueurlik,18
prici,13
unless,47
hommag,21
clarksburg,11
nearperfect,70
wholesom,26
alexand,15
versatil_tabl,39
30000,19
barro,10
woolli,12
guanabana,7
beaujolaisvillag,7
clearer,13
hardpress,7
declassifi,21
chewier,15
briney,47
caber,7
farina,6
splinter,9
roughandtumbl,6
gambler,9
20000,22
darkcherri,18
2013–2018,15
crozeshermitag,29
puppi,16
rosback,13
constrain,11
bull,16
skate,7
aviz,6
cramant,18
mumm,27
crémant,23
pressur,9
duckhorn,29
sapori,6
italiani,6
book,14
ceretto,17
wagram,7
2011–2015,26
verdot,7
co2,26
smokysweet,21
retreat,10
departur,19
herbinflect,9
faintheart,21
fruit—a,8
underr,10
winteri,20
barnard,9
griffin,14
weinbau,27
dubrul,34
destini,9
ron,7
machherndl,6
ramp,42
cherrycassi,11
chakana,13
magnet,27
schug,13
oakier,44
chamis,6
hottest,17
allfruit,13
mainstream,79
depart,15
welltoast,10
mayacama,31
drummer,6
plaster,38
scad,35
bourgeuil,6
standin,6
simpler,35
sand,17
epic,38
loach,32
takeov,7
gewürz,50
litchi,10
145_alcohol,57
downund,6
lls,6
trifl,12
mown,15
chez,6
slocum,14
import_palm,76
dac,6
michael_skurnik,69
dollar,20
greas,8
peg,8
gargantuan,8
borg,8
grapefruitflavor,14
warmest,20
jammyfru,9
starbuck,31
negat,23
prototyp,26
portstyl,19
johann,10
2002s,6
incident,7
copious,27
sin,14
evalu,37
pot,17
youngster,18
charri,52
manifest,25
finelyground,9
hulk,18
blaufränkisch,83
divid,23
mishmash,11
gulli,8
clarendon,13
1985,10
smaragd,16
cogno,9
report,10
kögl,6
capsicum,26
wellestablish,12
civil,9
darn,27
bas,10
septima,10
dabruzzo,9
south_african,53
giorgio,15
tualatin,12
vista,29
now–2014,44
abroad,6
lungarotti,11
300,29
cano,17
porcino,7
scent_candl,46
pfaffenberg,13
han,15
setzer,8
wahluk_slope,58
pictureperfect,9
welldelin,8
roch,15
now2012,17
friski,7
lighttomedium,10
applecitrus,6
pineapplelemon,6
2003s,12
gripe,7
unreleas,8
limedriven,13
6000,8
winesel,34
ltd,208
graham,13
gooey,57
mongrel,6
concept,32
now–2008,13
straightshoot,11
ricard,13
wildstrawberri,8
now2016,9
hogu,40
extra_point,34
semillon,30
rapid,38
botrytis,15
crispen,19
côtesdurhôn,20
provenç,13
apex,6
cohn,8
graviti,11
variabl,33
kirkland,6
sever_hour,54
trisaetum,7
chambollemusigni,9
pg,33
anybodi,7
entranc,22
encompass,9
tupungato,13
racier,16
rider,10
nutshel,13
valdepeña,6
obliter,17
herbalol,9
so2,9
supermatur,18
demisec,15
pretens,14
sunwarm,11
savag,19
rasp,58
overcrop,26
chlorophyl,18
fenc,15
anywher,67
thoroughbr,10
spätlesen,6
disconnect,12
stingi,17
buffer,37
written,10
2010–2020,60
brethren,21
goldwat,6
schild,9
newish,10
piedmont,76
shorter,8
damilano,10
modernist,10
retir,10
colaroot,6
beer,15
brushstrok,13
andrew,13
shutter,7
credenti,8
sincer,20
antithesi,8
exult,15
potenc,44
6–9,15
libra,6
thicker,68
linse,7
artist,45
threefifth,9
februari,10
faith,21
sardinia,30
applenut,11
avers,6
maryhil,15
139,20
imag,28
sass,6
hotclim,10
crude,17
fiveplus,27
fatten,20
vigna,53
rampant,9
manfr,9
felsner,8
donn,8
single,14
now2020,25
midgold,24
custom,18
standalon,17
subava,9
blunt,11
attenu,18
sharplydefin,7
briefli,13
dictat,12
thicken,12
legit,16
fake,15
microwav,9
zinni,64
campo,44
borja,15
6535,7
brett,22
odor,12
jut,10
oh,25
monsieur,26
co,141
unclear,15
conserv,29
ungener,11
strawberryflavor,27
alexandr,7
analysi,26
mw,6
rhônish,17
mochainfus,11
saia,8
hardegg,7
wellappli,13
cygnus,6
colalik,20
a1,6
earlydrink,10
covey,10
bertheau,9
chablisian,43
rrv,19
encount,69
6–12,17
seco,21
châteauneuf,13
deliber,7
père,26
best_buy,219
driedspic,20
oz,8
cannon,6
panelist,39
gi,6
dunk,7
wallula,15
largescal,8
marcarini,9
kestrel,15
enigmat,9
plagu,28
inconsist,19
purpleblack,15
task,10
attitud,22
wimp,6
adènzia,6
dr,40
ought,13
berrypack,6
simpatico,11
ben,12
glaetzer,8
silag,9
earnest,6
sweepstak,7
overmanipul,8
extrarip,10
cheeki,7
unapp,13
oenophilia,6
countrystyl,101
middleoftheroad,16
pickley,9
strawberryfruit,6
sunset,6
conform,7
fruitwis,13
competitor,13
helm,13
freshwat,8
mainstay,11
swordfish,23
umbria,38
dwelley,9
amorph,16
palaterefresh,10
inbetween,10
danub,23
inert,21
defici,37
fuzzi,14
lifesav_candi,69
baldacci,12
stray,17
schramsberg,18
cablik,7
drastic,10
minc,18
fourgrap,16
skeleton,7
standpoint,7
sprig,15
absenc,36
minervoi,10
wolf,6
septemb,16
chorizo,8
fruittoacid,14
sirloin,11
fifth,22
zeller,11
eguren,28
jabbi,7
shapeless,7
caramelli,63
bretti,10
indefinit,12
holiday,16
marilyn,6
wannab,8
girl,11
einaudi,9
verduzzo,14
suitabl,41
shaft,16
folio,14
fungal,8
truck,15
musti,35
lacquer,17
reilli,6
petrolli,15
180,9
rosemount,8
lauber,20
import_robert,48
chadderdon,14
wellmatch,10
bordeauxlik,48
unbridl,8
magnifi,6
assess,17
slide,80
hanna,7
sli,27
tack,14
compil,6
meter,25
vision,14
50000,11
applei,12
florist,6
accommod,7
stomp,7
mistaken,17
cheap,37
middleag,8
gotten,8
soso,22
surefir,13
dani,8
cc,7
cheeseburg,55
provok,8
pineappley,12
budgetpr,9
stella,9
mae,6
sparkman,14
croze,8
widespread,6
silk_satin,50
fudgi,32
dessertlik,17
tale,11
feudo,10
stiffer,10
cheaper,13
relish,34
ketchup,9
trey,6
assur,14
147,18
burgundianstyl,17
walis,8
nikolaihof,6
royal,20
corpor,22
seiz,6
lot_peopl,59
fiddl,23
rosenblum,20
reliev,39
stereotyp,14
mediumgold,9
petrichor,12
saxum,16
graphic,11
worri,28
gnar,9
fungus,23
sunburst,15
offens,29
8–10,33
vigneto,25
rufina,37
peppi,20
toothpicki,15
ca,29
snoqualmi,11
drew,11
candysweet,17
beef_dish,47
panther,8
multivineyard,12
greec,19
greek,25
copi,9
portysweet,8
jazzi,17
spofford,12
con,16
vongol,16
nichola,12
palatelift,7
oakting,11
grade,38
caught,18
desclan,7
friuli,11
perrin,8
fil,22
truth,21
faraway,8
onefifth,16
problemat,34
suspect,25
tradeoff,6
crave,23
spong,6
trigger,9
higher_score,66
marengo,6
restor,20
usher,38
franz,6
owl,8
avalanch,14
bakedfruit,24
coffeeinfus,9
tempura,16
cube,12
warmweath,11
safe,31
introvert,6
sobon,9
roccolo,8
philosophi,19
corni,8
recur,11
sawn,6
higherend,15
2008s,18
revolv,36
cherrydriven,14
bourgogn,25
mazzei,11
cs,13
beaten,6
155,59
poolsid,14
routin,10
corbièr,14
moodi,13
152,25
patrick,19
tumbl,20
salvo,12
cape,37
softbodi,8
supertann,7
cherryjam,6
ibidini,7
plumi,8
foodfriendli,9
forno,21
meatbal,9
catena,11
alta,22
nutella,11
limesherbet,11
sallier,8
piazza,7
gluey,24
tomatillo,7
worthi_followup,40
whip,15
upland,12
vanillasc,54
alvaro,15
castro,7
fourteen,6
10plus,8
cusumano,11
boldest,11
jackhamm,23
frazier,9
disciplin,7
qualitymind,19
refus,11
cabernetesqu,7
critiqu,6
twoplus,9
now–2016,15
zucchini,21
saver,22
barnyardi,32
lacklust,9
garlic,72
riccardo,8
stain,14
zaftig,7
156,25
4–6_year,127
crush_granit,54
withstand,17
dustili,9
137,14
phelp,13
oldtim,8
oppenland,6
encrust,9
chimichurri,8
husch,7
tackl,7
protect,28
montalieu,14
outdon,6
overwrought,22
sidebysid,6
meticul,12
sausal,9
fruchtig,7
fonseca,17
canari,10
network,6
cornflak,9
lifeless,18
trickl,6
januari,10
june,14
chisel,67
composti,22
montepulciano_dabruzzo,78
swim,22
uncharacterist,9
cat,18
sixyearold,6
pinotlik,20
crabappl,8
nicelybalanc,6
veramont,11
ritual,6
bordeauxinspir,10
volcano,13
31000,7
casa,36
bosqu,16
blueprint,12
price_tag,45
blond,17
enabl,26
oakacc,8
forthcom,13
gamut,28
warmheart,7
38000,8
tuttifru,12
wholli,15
airdri,18
niepoort,13
agiorgitiko,16
whet,8
dub,6
crannel,7
vanillainfus,48
caustic,9
burnttast,6
cabbag,15
cigarett,14
suffic,6
portend,21
tre,15
saggi,17
teriaki_beef,58
anyway,13
acclaim,19
killer,19
time—a,7
chapouti,31
parcellair,9
méal,17
picturesqu,9
1972,22
blackberryjelli,7
wooddomin,30
amali,7
hero,9
unforgett,16
hundr,28
newoaki,19
glamor,19
transmogrifi,8
palatefriend,9
blender,9
mazzano,6
period,43
cedarwood,12
racehors,8
bessard,8
col,21
solar,18
blackberry,7
system,12
kaleidoscop,11
cheddar,19
brettanomyc,13
now–2013,65
splay,6
ho,7
stamina,6
mediumtoful,9
pantheon,9
cà,6
bianca,15
begali,13
gli,7
rowdi,13
chocolatebas,11
144,14
sterza,6
5–8,26
torb,6
competit,41
anam,6
pepperlik,6
divus,6
experienc,10
statewid,23
infant,7
understood,7
paraffin,12
talisman,7
saar,16
fourplus,59
vigneti,10
750,18
gordon,9
boil,25
lorenzo,13
maipo,57
kiwilik,8
grandfath,10
wellextract,23
novi,14
herballean,12
ferraricarano,13
unproven,7
tamal,7
smokey,17
cadenc,8
ovencook,9
talbott,13
fladgat,6
mid2011,11
carlo,29
greenbean,11
cheesebas,14
vallado,14
argu,26
piti,13
pasqua,8
fiber,8
rubygarnet,14
rapsberri,6
bosco,14
corvina,16
rondinella,15
chocolateinfus,14
ovenbak,7
sued,11
iii,14
2012–2018,37
aldegheri,7
broccoli,17
exchang,10
poder,10
strict,20
winegrow,8
keg,8
concess,6
intrud,21
ingredi,29
craze,8
organicallygrown,12
creamysoft,10
elicit,11
capitel,8
della,19
novelti,15
wellexecut,18
raimund,10
prüm,25
fruit—black,11
stork,7
tall,17
dfj,8
midlevel,37
pineapple,6
tweak,6
januik,17
rustico,8
suppletextur,7
traditionalstyl,11
tortellini,8
prematur,10
concern,36
hilli,12
wherea,8
adher,7
terranobl,16
rías,10
unpredict,7
oilytextur,9
tapteil,11
mia,9
bortoli,10
marqué,8
cácere,15
twofold,8
blackberryjam,9
unreward,10
everywher,14
9698,32
ladder,11
128,12
territorydriven,32
novar,6
zonin,42
wakefield,7
9496,105
trump,14
9395,120
manso,7
discount,6
guigal,32
cameo,6
homecook,29
bracket,12
fasten,7
capsul,11
bitterchocol,9
chart,8
glycerol,11
keuka,6
wick,8
parmigiano,20
whispi,8
1990s,10
revers,8
em,15
introductori,22
purplish,25
molinara,6
provenç_herb,46
roberto,23
mazzi,6
parallel,14
8789,99
overboard,6
virginia,22
8688,62
8587,37
10–20,12
luce,8
cantina,32
gentil,7
neighborhood,13
10–15,43
sandro,8
chia,6
frescobaldi,13
pod,12
angelo,14
gaja,28
barr,6
monopoli,8
neverend,6
familyrun,33
sangioves_grosso,65
dunham,18
saffredi,6
massimo,6
sesta,8
fifteen,6
amaretto,34
fiddlestix,8
now2018,7
inkydark,10
stitch,11
antico,10
mura,6
primo,12
mushu,43
bun,17
workmanlik,6
80s,6
raspberry,15
august,7
victim,19
imbal,26
tamp,26
slap,6
oatmeal,51
mildi,7
bogl,9
stellenbosch,21
foodpair,16
poet,6
downsid,41
boushey,74
jm,6
mentholdriven,6
jr,8
barbequ,10
stayhom,18
pedestrian,26
brunello_riserva,80
rubicon,6
uncomfort,25
vento,7
confection,6
eggplant,11
onetrick,10
platter,12
regain,8
béchamel,9
embroideri,42
inkyblack,12
uccelliera,7
lehmann,6
tokaji,14
spicelik,7
fritz,18
celilo,9
champion,8
loimer,8
restaurantstyl,8
immediaci,9
shingleback,10
limeflavor,9
dryli,12
brix,12
canadian,28
icewin,10
swiss,13
compliment,11
now–2017,9
passito,11
fruits—a,6
550,10
northstar,10
windrow,6
napalik,7
antinori,20
palo,7
coal,20
rancio,7
communic,8
nudg,10
smorgasbord,9
nononsens,18
steven,34
kent,17
solomon,9
paramet,6
butterscotchi,35
randi,6
dunn,6
penley,10
625,8
200000,8
oloroso,9
pumpedup,6
adjust,7
aficionado,12
kilikanoon,9
ai,11
coffeeflavor,13
failla,20
fifti,13
yearn,13
hedon,8
4000,12
outlier,8
prospect,13
threeplus,11
duboeuf,9
cameron,8
dick,13
giveaway,21
158,16
ineff,8
tobaccoey,17
talenti,7
seat,17
recioto,32
ambrogio,6
giovanni,16
folonari,8
climb,15
13000,8
patti,6
1800,7
1973,12
mauritson,6
terra,48
rossa,20
moscato_dasti,86
crest,35
metodo,22
genr,27
sediment,16
bonterra,10
fusion,23
patina,10
159,16
sore,15
thumb,9
tinker,11
proverbi,9
counterbalanc,14
mauro,13
sebast,6
alla,7
sbs,19
ultrarich,71
deliri,7
defi,7
leek,6
fruitbas,12
ecofriend,6
tailgat,9
superoaki,25
fruitskin,10
nera,6
14000,7
ador,11
villamont,7
saigné,7
nuitssaintgeorg,15
luminos,30
honeysweet,32
600,16
stefano,11
sudden,15
precipic,6
marc_de,67
grazia_select,66
barrier,8
regimen,33
hanger,9
engin,17
herbaltast,6
outperform,10
everybodi,12
175000,6
octob,13
instabl,9
juri,14
heinrich,13
9000,7
unsatisfi,7
fresco,8
insipid,8
unclean,7
tramin,16
velha,7
exorbit,7
closur,9
drain,14
abeja,15
kobe,6
abbott,12
portray,8
glare,20
nich,10
andrea,10
vale,10
aspir,18
giusepp,17
insan,15
tamari,25
betz,29
sixth,7
enolog,8
ecovalley,8
refresco,8
mat,6
raymond,16
10–12,8
reveri,9
infam,6
tamarack,10
protagonist,23
2013–2020,8
ballpark,9
peachypink,7
lag,8
woodsap,11
vapid,7
underperform,8
asset,7
walter,21
page,7
indigen_grape,36
masseto,11
17acr,9
messorio,8
ornellaia,10
masterpiec,23
paleo,9
galatrona,8
florenc,18
enthusiasm,9
unbeat,9
transport,9
guado,8
worldclass,29
yakima,8
bésoleil,8
cultstyl,18
cabernetlik,21
twig,12
sassicaia,15
etho,11
constitut,16
bannockburn,10
hall,27
cecchi,7
coevo,6
marchesal,8
7000,12
serr,9
enrico,10
cirqu,6
soleil,11
acrobat,6
froth,29
enologist,22
onslaught,7
cecilia,7
ysio,6
gouda,7
camelot,7
kim,14
cutlet,6
602020,6
coronato,8
footstep,7
noholdsbar,16
dell,28
424,6
piastraia,6
signorello,12
200,29
husband,17
vincenzo,8
alleanza,7
caval,7
newt,9
nautilus,8
gainey,31
ultrarefin,35
evapor,8
cornish,19
visibl,12
conn,8
wairau,8
accustom,9
honeyrich,16
ata,8
rangi,9
razzledazzl,7
36000,10
inimit,7
comport,6
geyser,11
duemani,7
experiment,14
tougher,14
cow,8
prereleas,8
2011–2014,7
15000,15
newcom,24
waterbrook,15
alberta,6
ferretti,6
baia,6
windi,9
oakley,6
30acr,6
bourbonsoak,10
overstep,7
higherti,6
mandrarossa,6
flaunt,17
acidbas,17
petrollik,6
sullen,6
ie,21
127,12
softedg,13
hermann,6
wiemer,7
seafoodbas,6
luc,8
ultrafresh,14
golf,7
complaint,24
clovi,6
santadel,6
altrovino,6
cali,10
grove,24
malhadinha,10
maker,23
difes,6
renzo,6
zealandstyl,18
sousboi,9
mare,8
unfriend,7
chute,32
pastryfil,31
absent,9
lisbon,15
plumprun,9
tiger,6
triguedina,6
largeproduct,12
marsala,6
sicilia,6
sambuca,8
fondo,6
leon,12
maria,36
segreta,7
lonesom,10
almondlik,18
aceton,7
twiggi,11
petroleum,58
ultracrisp,26
timid,21
colombana,8
kund,13
bonus,17
southernmost,6
702010,7
suaviti,8
noissu,7
hate,21
honeydrizzl,9
trepat,8
mineraldomin,6
widelyavail,7
amiti,8
roug,19
broadbent,27
1966,6
cheesefil,13
lamoreaux,6
languedoc,20
fonplégad,7
fuss,11
handmad,9
fox,18
paperi,9
doctor,9
almondflavor,7
cristo,6
bianco,14
glenora,8
involtini,7
ledger,11
nodosag,9
battl,24
sherwood,7
paradis,10
pinotesqu,37
handharvest,9
easy,9
wellacidifi,6
baglio,7
skim,6
margherita,17
inappropri,11
expos,19
cup,15
reddish,12
univers,24
enclos,7
henriot,8
disgorg,38
bolling,22
rivetto,12
brunat,28
vietti,12
costa,21
grimaldi,11
cannubi,56
boschi,16
news,15
morra,34
subzon,47
basarin,12
medallion,8
rocco,8
stupend,22
women,12
josetta,9
saffirio,9
career,6
etud,15
gattera,9
wrinkl,7
fior,11
sorano,8
rabajà,16
rocca,46
nebbiolobas,14
sarmassa,15
supermodern,6
piacion,7
ferrini,14
gianfranco,13
alessandria,7
poderi,7
prapò,6
vintagedriven,12
gianni,32
hardwood,6
sheridan,13
downtoearth,6
ciabot,6
rusack,13
acknowledg,14
transfer,25
gagliardo,12
mareuilsuraÿ,6
broglio,7
falletto,10
asili,12
151,8
cascina,30
preda,11
11000,9
lequio,8
gallina,8
neiv,15
nere,7
furnitur,9
gosset,9
boroli,9
cerequio,20
oddbal,6
carrot,16
cricket,6
legitim,20
allstar,6
bric,9
pietro,9
whimsic,14
corsini,7
domus,11
aurea,6
aurelio,17
settimo,10
monfort,14
farreach,7
hummus,8
beck,15
menu,9
mineralinflect,8
perrierjouët,6
congratul,9
philipponnat,12
superspici,15
stood,26
prolong,16
lesserknown,12
conjoin,7
weil,7
lyre,6
wed,25
prodigi,6
martinenga,7
viol,8
uncork,12
giacomo,15
deutz,19
sonnenuhr,7
diehard,6
centuryold,9
vibrat,9
shallot,6
swanki,10
2012–2015,6
cod,20
pessagno,6
rumsoak,19
welter,10
chelan,20
tastewis,12
justintim,10
1902,6
1986,10
embellish,45
midlif,8
citrusdomin,12
endear,9
brightest,21
soya,11
villero,16
prosper,7
snag,6
fenocchio,6
banner,12
roncagli,6
prunotto,9
pian,14
malo,15
spinach,10
blame,8
loren,6
rigor,8
en,18
famill,10
salami,28
refurbish,9
indomita,6
eyecatch,12
unbreak,6
filet,16
mignon,8
shroud,16
timeless,8
downplay,9
factori,8
alba,22
strove,7
daniel,11
nag,7
bisqu,11
piecrust,7
width,11
record,44
sentinel,6
lodali,6
conscious,6
hamlet,7
vanillabas,9
stumbl,17
apéritifstyl,12
shove,6
welldistribut,6
25th,9
subsum,16
raspberrylik,6
masciarelli,21
viniti,6
coppercolor,8
buttermilk,6
wool,8
upward,6
mazuelo,8
prima,9
xinomavro,17
ray,18
muscadet,39
crank,10
successor,8
singleblock,6
peat,6
bourgeoi,36
bestsel,11
mionetto,16
woodbas,6
verdiso,9
plusher,10
steepest,7
bookwalt,9
sunday,7
brunch,10
88–90,27
86–88,12
topscor,8
rever,7
barrelderiv,13
sauvigon,6
dessic,16
fuissé,21
shini,17
84,14
honeycrisp,8
cortes,6
enchant,16
dom,10
respons,17
leflaiv,12
tommaso,10
mindblow,6
preview,10
bushel,6
swanson,9
spruce,8
quich,23
naoussa,7
colombo,15
brandnew,9
dos,9
chapell,10
chapel,8
morgeot,9
dor,8
botti,6
chardonnaybas,35
aperitivo,11
hor,11
doeuvr,11
7–10,11
bestknown,11
woodderiv,21
8515,11
colchagua,25
mood,13
yard,6
bichot,7
laserlik,28
mislead,9
mercer,9
butteredtoast,11
panebianco,15
wrestl,20
bel,6
blackberryflavor,8
invari,9
hickorysmok,6
sulphur,22
champ,11
parfait,20
contour,7
wellpolish,7
geranium,13
kingston,10
apricotflavor,6
velvetlik,6
ferragamo,10
vigouroux,9
mckinley,9
enlarg,7
goldencolor,9
cherrysc,9
sought,6
pretend,9
bendigo,10
viognierroussann,7
adjunct,9
protrud,8
cherrychocol,31
bourg,8
beaulieu,15
pose,7
scansano,35
reining,14
balifico,6
allstainless,8
vasco,11
oaklik,14
vaca,17
phenomen,7
arrowood,11
pez,6
valid,6
takeaway,8
lowpric,13
et,30
luster,11
lafit,13
grandson,7
perfumey,10
black­berri,9
dung,6
distilleri,6
canella,7
escarp,7
ironlik,8
twine,8
hudson,6
veuv,6
89,7
mittelburgenland,8
fabl,8
dattoma,6
hazi,6
watereddown,9
omaka,6
vino_nobil,51
overexcit,10
jammysweet,21
vernaccia,45
piccini,17
cherrycola,20
paté,6
strasser,11
byron,17
tohu,11
prison,8
grigio,35
supermarket,20
nuevo,14
vanillaflavor,18
easytoenjoy,11
nickel,15
hardtodefin,10
bulli,7
ruin,6
lynmar,10
stemmler,8
undergon,7
mismatch,8
chardophil,6
plantain,10
helix,7
marsannay,7
emit,10
stolpman,12
cline,13
unwelcom,7
mccrea,14
eddi,7
superextract,12
gavi,19
objection,7
fornac,6
coppola,11
4pack,6
korbel,11
colombard,8
cvne,6
stud,12
milelong,11
shu,10
verbena,8
shrill,21
finger,9
frenchoak,7
bubblegummi,10
slack,6
francbas,8
sixgrap,6
band,32
beneficiari,12
superlong,6
apalta,7
vanillaacc,18
plethora,13
satin,12
idiosyncrat,16
morellino,74
glycerinedriven,6
rugged,8
164,9
quilceda,18
firmest,14
pétrus,9
lynchbag,21
mousi,10
ervamoira,14
treacl,11
beetlik,9
imperi,6
bertrand,9
airfield,8
hitch,6
elixir,8
welldon,11
mad,6
unlimit,9
northwestern,10
sweetsour,28
tankfer,12
vincent,17
neusiedl,6
driedherb,13
honeyco,7
1984,6
diminut,8
moreau,9
limeinflect,6
dessertstyl,9
yarden,10
immers,6
jorg,28
sangioveto,6
148,26
runofthemil,18
dislik,9
162,12
lucia,6
patz,8
twelv,8
tabasco,18
woodinfluenc,8
boundari,15
leda,6
fullout,6
strengthen,6
elerd,20
surli,7
glidepath,8
aurus,6
dacon,16
orm,10
incongru,14
writer,6
fonterutoli,7
whiskey,6
100000,13
mimosa,6
gregorio,8
finca,7
allend,8
sarale,7
tidal,11
2012–2016,6
nari,11
highproduct,8
blockier,7
allaround,10
asap,6
boonvill,7
barn,6
treebark,6
cheese,7
antiqu,7
whisp,6
beast,23
mevush,13
nittnaus,8
07s,6
rex,15
gallon,7
borro,6
riojano,6
15th,7
gérard,7
innoc,11
sendoff,6
mocali,6
gimignano,8
understat,11
pedest,6
hess,10
mine,7
gran,7
rincon,9
edific,10
titan,7
gordi,7
puff,25
garlicki,10
junior,21
francdomin,6
stuck,11
walla,6
llach,6
scheme,10
superdri,14
cushioni,23
vise,6
claretlik,17
vittorio,8
157,25
cosentino,6
crasto,10
caze,16
hawaiian,6
melodi,7
takenoprison,6
2012–2020,14
chocolate,12
fajita,13
erst,7
abli,15
shorttomedium,37
borsao,6
franco,18
nip,8
polenta,13
foremost,14
2011s,7
astoria,10
consensus,6
brazen,8
rag,10
chius,6
fate,6
fattoria,17
barbi,17
suolo,6
grenachebas,7
letdown,32
stringi,6
boxwood,16
boedeck,7
higherpr,18
banfi,45
mouthburst,9
hopland,6
underdon,7
latin,7
dona,11
marchesi,8
morsel,7
thousand,6
napaesqu,6
meantim,12
viu,7
kenwood,14
bouillon,7
cranberryflavor,7
notri,6
kelley,6
millesimato,11
masottina,8
pieropan,6
neon,8
semisoft,8
stillchewi,6
renew,7
novemb,11
commit,19
unrepent,6
franciacorta,51
fruitdomin,7
mulderbosch,8
neil,10
elli,10
barbera_dalba,158
89—91,12
stemilion,8
hey,6
contrari,21
flare,8
felip,6
ser,11
nxnw,7
buena,10
pepperspic,17
ubiquit,9
toffoli,7
methven,6
fetzer,8
wilder,7
lemonhoney,6
avignonesi,6
cabmerlot,15
awa,23
constel,10
viña,8
mayor,6
union,6
sveva,6
fruits—peach,6
radda,6
notori,28
475,8
technolog,10
tandoori,9
echelon,12
delta,15
88—90,14
adami,18
clangi,9
quotient,11
mazzocco,18
tartsweet,14
ott,9
mourvèdrebas,6
guest,17
gioveto,8
ballet,9
pask,6
riverbend,13
anonym,17
grenachesyrah,7
heck,8
overwood,6
ethiopian,6
malaysian,8
bortolin,6
valdobbiaden,7
alsatian,17
now–2012,71
barbera_dasti,183
zinfanat,8
magnifiqu,6
allnew,7
mo,6
87—89,10
pill,11
fruitload,6
here—it,7
clever,12
boston,7
firstgrowth,8
toso,11
warmish,16
sequoia,8
elys,6
nobli,7
reservestyl,24
silkier,16
teriaki,13
inglenook,6
indisput,6
sparker,9
lifetim,8
limey,9
lap,7
sacha,7
lichin,8
elbow,14
shortish,11
import_dreyfus,62
splashi,9
peanutti,10
qualit,13
vanillaladen,22
downward,6
meridian,7
monferrato,33
bordeauxesqu,13
butterfat,7
grgich,6
86—88,13
roselik,6
umamisoak,7
divot,11
acet,12
neudorf,6
popsicl,8
lullabi,6
arbor,6
chèvre,13
nizza,18
minimalist,10
cherryplum,14
paler,6
bus,6
overchil,11
pepperinfus,13
bewar,12
curti,6
wellconcentr,12
nettlei,7
rheinhessen,8
glisten,8
pin,14
scottish,6
alberto,6
biondisanti,9
marinad,7
commonplac,11
tastingroom,7
wider,11
lapostoll,8
dustytextur,7
chinon,13
mochaflavor,9
nobilo,8
jive,6
countywid,8
lorrain,8
unidimension,9
antipasto,6
salumi,8
unfocuss,7
85—87,7
mineralting,6
ashbi_co,60
2010–2013,17
antichardonnay,7
palatestimul,12
import_wilson,75
daniel_ltd,75
import_frederick,107
wildman,107
asti,18
chocolatyrich,6
500liter,7
vigneron,11
emmanuel,6
19000,6
turnoff,16
disast,10
porpora,6
pommelo,11
superfresh,9
1993,11
sundanc,12
hound,7
kacher,26
strawcolor,11
skinni,15
corp,31
—ml,57
salvi,8
sleeper,17
marco,17
told,9
gumbal,15
thermidor,6
supris,7
argyl,9
mouthfreshen,6
sol,6
42000,6
bruna,7
dryer,7
editor_choic,79
van,22
2010–2012,12
mid2010,26
burnttoast,10
tosco,6
carbonneutr,9
8486,12
fruitstand,6
emiss,10
veglio,10
thereaft,7
cabsyrah,6
macì,7
tripl,11
seafoodfriend,6
slati,13
weygandtmetzl,11
29000,6
fresia,11
lighttomediumbodi,6
unbal,6
umamiladen,6
juliéna,6
pergola,8
sweetstyl,10
unsophist,7
nasti,7
welldos,10
butterbas,9
jacob,11
marqu,22
jj,6
thru,15
aboard,7
easton,8
coreleas,12
alana,7
provinc,9
praiseworthi,7
subservi,6
chalkboard,11
bunnel,12
karl,11
deepest,9
piedra,6
wellgrown,9
uriah,6
sixplus,9
offend,15
multitud,12
pritchard,10
mora,6
statist,6
undurraga,24
stave,7
ferrari,8
fumélik,8
import_pasternak,45
vinarium,8
angelini,8
bond,20
balsamlik,7
doyenn,8
valdeorra,8
salon,9
matariki,7
pluminfus,7
palett,6
dud,10
vesuvio,8
satèn,14
jean,18
adrianna,12
heathcot,6
steroid,20
frontier,19
aîné,6
italia,14
d2,10
delill,19
lunchtim,6
romano,10
martino,8
gage,6
miracl,9
europvin,17
cannan,12
vieux,9
undevelop,7
tolosa,11
merchant,28
winebow,48
vignaioli,7
côterôti,26
entiti,8
curvi,18
pheasant,12
rolar,6
aristocrat,12
créme,11
berryfil,7
amphitheat,7
conceiv,7
alan,6
mccorkindal,6
undergird,61
keel,6
milieu,6
negrar,9
creamiest,6
strippeddown,6
distributor,24
earliest,7
kysela,18
weinert,12
fond,7
letalon,7
laudabl,11
pineappleinfus,15
montecastelli,7
testa,9
particella,6
dogliani,9
renato,6
ratti,7
fleur,6
surmaturité,8
alain,18
2010–2015,12
flirti,12
enotec,13
macari,11
canapé,9
cheesey,6
nicer,8
leeuwin,13
prelud,7
etc,27
craig,11
nicasia,8
threeyearold,7
wellmarbl,17
pommeri,8
priciest,8
foodreadi,8
mahi,6
mutt,15
manzanilla,13
szechuan,6
cote,6
bedford,14
cocktailstyl,11
overst,9
struckflint,8
redd,11
roux,8
tricana,8
firstcours,6
anderson,6
hark,6
—a,7
mu,6
limarí,12
tutto,8
schoolroom,8
bastia,6
fruitcocktail,7
midpric,9
readytogo,6
quivira,7
tannicacid,8
skewer,14
now2014,9
miser,15
gas,7
reemerg,7
crept,8
agenc,8
rudi,7
wiest,6
borghetti,6
near15,7
reek,15
nettley,6
frontlin,7
spotti,14
winelink,7
simi,6
norther,10
peachflavor,9
cohort,13
brownforman,10
ineleg,13
grillé,10
buttercreami,6
cathi,7
corison,10
nelson,10
ta,7
vintus,26
bottler,6
superyoung,6
2009–2012,10
freak,8
genesi,7
clack,9
pinotphil,7
doc,10
schmittsohn,13
eclips,6
calcul,7
cautious,6
syrupysweet,7
chuck,13
trilog,8
consulta,7
sangria,7
goldkap,6
puntido,6
vengeanc,7
ultrasweet,9
ruffino,12
viabl,10
nouveaustyl,6
francoi,11
98100,10
9799,14
rev,6
cherryblackberri,25
medalla,10
guardian,8
leanstyl,7
sangiovesecabernet,12
weekend,8
frizzant,9
nobrain,10
kalon,12
milkshak,8
cayus,9
prey,7
applaus,12
2010–2014,6
edmond,12
alphons,29
jalapeno,6
overrun,6
trelli,8
birthday,10
jbookwalt,6
2011–2013,10
garag,7
tomatoleaf,15
blackberrycherri,10
jacaman,6
unspectacular,11
benedict,8
uncanni,6
trinchero,8
sterl,6
feelwis,6
merlotcab,7
pillo,7
pastrylik,10
canajolo,6
brune,8
mid13,6
mandatori,9
quartet,11
oriel,13
breadandbutt,6
datenut,9
holdov,10
panoram,6
umbrian,7
desserti,10
camarda,6
sorella,8
pavon,7
hightow,6
hartford,9
bonbon,11
magnum,16
bratasiuk,10
broker,6
kynsi,9
blackberryinfus,12
rulo,11
gratin,11
enterpris,6
cond,9
pet,16
mitolo,12
roero,44
dellannunziata,6
emiliaromagna,6
dissimilar,10
beaucoup,10
boudreaux,7
navarra,16
muga,21
06s,8
baileyana,7
opus,10
elvio,6
ravera,6
romain,6
swept,6
viuda,6
fournier,11
45000,14
crustacean,8
mouth—it,7
grassier,10
weaker,8
touton,15
vanillanut,7
2009–2011,6
zéro,6
bleed,9
pellé,7
hirsch,7
instanc,10
salvag,6
unpretenti,7
roda,6
forgett,9
parient,7
miracul,9
dow,13
moussièr,6
2010–2016,6
oriana,6
blueberryblackberri,11
approv,8
newag,6
alfr,7
12000,16
cest,8
saliv,7
adriat,6
extent,8
wavi,12
silli,10
semi,9
pike,6
rawbon,6
unnecessari,6
161,12
scattershot,11
charmless,13
2009–2015,19
2010–2018,14
loureira,13
sancerrestyl,10
concha,14
minerality—a,7
mosaic,6
legal,9
gibson,7
insuffici,7
nemea,7
ausa,7
frederick,6
21stcenturi,7
applebas,9
lascomb,7
overload,21
se,8
2008–2015,15
burden,6
mimic,9
chaleur,11
hardwick,6
hardtodescrib,8
paterno,45
emporium,11
highclass,15
harsher,6
25000,10
whale,8
select_inc,34
chalon,7
cordon,9
catalonia,7
105,14
mediumtofullbodi,6
sichel,6
jacquesson,7
grandest,8
pérignon,9
clicquot,9
creamili,9
comfitur,17
cash,7
guiraud,6
bollig,8
unassert,6
vincor,10
trivin,11
wimbledon,10
vranken,10
woollaston,6
rereleas,8
duvalleroy,8
kobrand,39
starz,15
buttersauté,6
143,11
threshold,8
ordoñez,7
unpolish,6
breuer,7
talclik,6
macintosh,6
heidsieck,10
simplist,7
overarch,6
aligoté,6
viti,9
unevolv,10
odfjel,11
straitjacket,6
2009–2013,7
sent,6
patchwork,6
remi,28
cointreau,28
berryinfus,6
tartberri,6
marchetti,6
patach,7
2008–2012,7
mckenna,9
lemonandlim,14
banvill,16
jone,19
someplac,6
everchang,8
yvon,6
mau,11
arch,8
meslier,6
arbann,6
drappier,7
kaiken,8
symington,17
aidil,11
barebon,10
chilipepp,6
torront,23
item,8
pig,7
oat,15
copperish,25
berlucchi,6
calit,7
resurfac,7
citrusminer,7
largesc,7
visual,6
bosca,6
szechuanstyl,6
earthyberri,7
ultrasoft,12
somebodi,7
now2010,8
jed,6
piña,7
civusa,9
dalla,11
snake,6
sleeker,7
barruol,6
nient,11
unsubtl,7
86,8
colgin,6
candyflavor,9
coach,12
stirfri,6
2004s,13
chave,8
hmmm,6
mintygreen,8
longdepaquit,6
charbonneau,6
vivant,6
fairest,8
pinnacl,9
opici,12
otherworld,6
randal,7
grahm,7
war,13
harrison,13
aplenti,8
rubberlik,7
barnett,9
2005s,9
peril,6
siet,7
til,8
palate—a,6
rosecolor,7
peachpear,6
knyphausen,6
moldi,10
sweetertast,7
fruit—th,6
verdoni,7
fruityspici,11
kahlúa,15
pithon,7
alsatianstyl,9
write,10
nashwauk,9
kaesler,6
reid,6
bosward,6
neusiedlerse,17
lohr,20
av,12
oakimpart,6
corban,6
200000case,6
caymus,6
clape,8
handley,7
greenpea,11
semblanc,8
pauli,9
bergweil,6
vanillaspic,6
dal,9
soggi,6
mentholli,8
mochachoca,7
chink,6
willi,7
andau,6
manara,6
circumst,9
nielson,10
pancetta,9
tulpen,7
toastedoak,6
sarria,6
rhone,11
adolesc,6
excelsior,18
pannobil,6
gol,6
import_diageo,75
chateau_estat,75
exceptionnel,6
deemphas,6
doña,6
chocolatemint,7
torino,6
babyfat,7
medoc,7
oregonian,6
baconsc,6
cedaracc,7
kj,16
jessiaum,6
ehrhart,8
flier,10
llama,10
bousquet,8
glut,7
fruitacid,7
welldispers,6
hardwork,7
internationalstyl,8
501,10
mcdevitt,6
dc,12
marielaur,7
semibak,6
borghes,6
freshroast,6
ramato,13
custodian,6
rhubarblik,10
assumpt,6
1998s,6
mantl,7
2007–2010,14
sterner,6
andina,9
woodier,6
attest,9
wallet,6
kendermann,7
cinnamonpepp,7
agenda,6
sharpelbow,6
jug,7
pegas,9
interf,7
belief,7
bayfield,7
morand,11
gwfcgourmet,8
dweller,6
40000,6
loré,6
sorrel,6
longerliv,6
kaan,9
rubypurpl,7
microcuvé,6
dela,9
2010–2025,10
climax,9
surh,9
luchtel,6
unadorn,6
ogier,8
greentea,7
shawross,11
miniscul,7
lighterweight,6
cailbourdin,8
voge,6
villain,6
murrieta,6
aliança,7
tanneri,9
uncov,10
fullscal,6
branch,9
chatonnet,6
rodolfo,9
cosimi,9
capit,8
parson,6
leisur,9
poggiolo,6
consumerfriend,7
upgrad,6
02s,6
vinifera,10
kendalljackson,6
credibl,8
vinus,6
brass,6
clobber,6
lessen,17
ordoñezfin,8
lafon,6
fruitbal,7
labégorcemargaux,6
flour,10
wellevolv,6
nido,6
hamach,7
berrysc,9
spicyherb,6
mediumtolong,6
ashen,6
merlotlik,7
washingtongrown,6
94–96,20
93–95,29
92–94,53
91–93,55
90–92,54
89–91,42
87–89,16
95–97,7
yellowish,13
wine—thi,9
emiliana,12
noninterventionist,6
bello,6
caviar,6
hardi,6
mineral,6
achleiten,6
palacio,6
neck,6
solengo,6
standish,6
hamper,7
now2017,8
igler,6
rollat,8
pichler,6
jimmi,6
orvino,6
curranti,6
gatorad,7
inch,7
now2025,6
graveyard,6
queen,6
chardonnaydomin,6
vinecrest,10
rochell,6
plumberri,6
langhorn,6
90point,6
92—94,9
91—93,19
2008–2020,6
sousa,6
90—92,15
2008–2010,6
tgic,11
itõ,6
canandaigua,6
portet,6
8890,8
